NUMOFBODIES,ID,TIMESTAMP,FRAME_NUM,NOSE_X,NOSE_Y,LEFT_EYE_X,LEFT_EYE_Y,RIGHT_EYE_X,RIGHT_EYE_Y,LEFT_EAR_X,LEFT_EAR_Y,RIGHT_EAR_X,RIGHT_EAR_Y,LEFT_SHOULDER_X,LEFT_SHOULDER_Y,RIGHT_SHOULDER_X,RIGHT_SHOULDER_Y,LEFT_ELBOW_X,LEFT_ELBOW_Y,RIGHT_ELBOW_X,RIGHT_ELBOW_Y,LEFT_WRIST_X,LEFT_WRIST_Y,RIGHT_WRIST_X,RIGHT_WRIST_Y,LEFT_HIP_X,LEFT_HIP_Y,RIGHT_HIP_X,RIGHT_HIP_Y,LEFT_KNEE_X,LEFT_KNEE_Y,RIGHT_KNEE_X,RIGHT_KNEE_Y,LEFT_ANKLE_X,LEFT_ANKLE_Y,RIGHT_ANKLE_X,RIGHT_ANKLE_Y,HEAD_X,HEAD_Y
1,,,,,,,,,,,,,,1070,352,932,357,1093,442,926,453,1048,361,958,372,1046,559,971,561,1047,726,959,725,1070,882,958,877,998.6,277.6
1,,,,,,,,,,,,,,1070,351,932,355,1090,443,926,452,1046,360,958,370,1047,558,972,561,1049,725,959,724,1071,881,959,878,997.8,276.2
1,,,,,,,,,,,,,,1069,354,932,355,1091,436,925,447,1046,356,957,367,1046,558,971,560,1048,726,959,724,1071,881,958,878,998.8,276.6
1,,,,,,,,,,,,,,1069,352,932,355,1088,439,926,448,1047,358,958,368,1047,558,971,561,1048,726,959,724,1070,881,958,876,997.6,277.6
1,,,,,,,,,,,,,,1070,352,932,358,1087,444,927,452,1046,366,958,368,1048,559,972,562,1049,726,957,725,1072,882,957,877,996,277.4
1,,,,,,,,,,,,,,1071,356,931,358,1090,451,926,454,1040,374,955,373,1048,558,972,560,1047,725,958,724,1071,881,958,878,995.6,278.4
1,,,,,,,,,,,,,,1072,356,931,358,1092,451,926,454,1042,374,957,373,1048,558,972,561,1046,725,958,724,1072,881,958,877,995.8,277.8
1,,,,,,,,,,,,,,1071,355,931,358,1092,451,925,452,1043,374,958,372,1048,558,973,561,1048,725,958,724,1072,882,958,878,995.4,277.8
1,,,,,,,,,,,,,,1071,356,931,357,1091,450,925,450,1039,371,959,365,1048,557,973,561,1047,726,958,724,1073,882,957,878,996,277.6
1,,,,,,,,,,,,,,1070,355,931,355,1093,450,923,448,1040,371,959,364,1048,556,972,560,1047,725,958,723,1070,882,957,877,996.2,277.4
1,,,,,,,,,,,,,,1071,355,931,355,1091,451,924,449,1042,370,960,367,1048,557,972,560,1047,724,957,722,1072,881,956,876,996.2,277.4
1,,,,,,,,,,,,,,1074,354,932,356,1083,457,925,450,1040,371,961,368,1047,557,971,560,1046,724,960,722,1073,881,958,877,996.4,277
1,,,,,,,,,,,,,,1071,355,932,355,1081,456,926,448,1039,366,963,365,1048,557,972,560,1046,724,960,721,1072,881,958,876,996.4,277.2
1,,,,,,,,,,,,,,1075,354,932,356,1081,457,927,449,1035,370,963,366,1049,557,972,560,1047,724,960,721,1072,881,958,877,996,277.6
1,,,,,,,,,,,,,,1075,354,933,357,1079,457,927,450,1035,370,962,366,1049,557,973,561,1047,723,959,721,1073,881,957,876,995,277.2
1,,,,,,,,,,,,,,1075,354,932,357,1077,455,928,450,1035,366,964,362,1049,558,973,561,1048,724,960,721,1073,881,958,875,996.2,276.8
1,,,,,,,,,,,,,,1075,354,933,356,1075,456,928,452,1031,366,963,362,1048,558,972,561,1047,725,959,722,1073,882,958,877,996.8,277.2
1,,,,,,,,,,,,,,1073,357,931,356,1093,467,926,450,1040,378,968,372,1046,560,970,561,1045,725,959,722,1072,881,958,876,997,277.4
1,,,,,,,,,,,,,,1073,359,931,357,1097,467,927,451,1038,379,967,373,1045,563,968,563,1044,727,961,723,1071,881,959,876,996.6,277.2
1,,,,,,,,,,,,,,1073,359,931,357,1097,467,927,451,1038,379,967,373,1045,563,968,563,1044,727,961,723,1071,881,959,876,996.6,277.2
1,,,,,,,,,,,,,,1074,357,935,356,1109,472,913,444,1048,401,965,385,1045,562,967,561,1045,724,958,721,1071,880,959,876,995.8,276.8
1,,,,,,,,,,,,,,1077,358,935,357,1103,479,918,442,1050,426,965,406,1046,564,967,563,1044,725,958,721,1068,882,958,877,996,276.4
1,,,,,,,,,,,,,,1076,363,934,360,1106,476,915,444,1056,476,983,462,1044,564,965,561,1043,726,959,721,1068,882,958,877,994,277
1,,,,,,,,,,,,,,1076,364,933,362,1108,473,918,450,1067,486,984,474,1045,561,966,559,1043,726,960,720,1069,881,958,876,993.2,276.6
1,,,,,,,,,,,,,,1076,365,933,362,1106,472,921,450,1074,491,980,472,1044,561,966,559,1042,726,960,721,1068,881,958,877,993.6,275.4
1,,,,,,,,,,,,,,1077,365,933,360,1107,473,919,449,1074,495,977,473,1046,565,966,559,1044,727,960,721,1068,882,958,877,993.8,274.6
1,,,,,,,,,,,,,,1077,365,934,360,1107,475,920,452,1072,503,950,453,1044,565,966,563,1044,729,960,723,1069,882,959,879,994.4,274.2
1,,,,,,,,,,,,,,1076,364,932,357,1105,473,921,448,1074,509,946,443,1044,566,966,564,1044,729,959,724,1068,882,959,879,994.8,273.8
1,,,,,,,,,,,,,,1076,364,932,356,1099,475,921,449,1090,544,942,388,1041,562,964,565,1043,729,960,723,1069,881,957,878,991.8,273.2
1,,,,,,,,,,,,,,1076,363,934,356,1097,475,922,447,1091,552,943,385,1041,565,965,563,1042,729,958,724,1067,881,957,878,991.2,272
1,,,,,,,,,,,,,,1077,360,930,356,1097,471,922,448,1100,557,939,378,1042,564,967,563,1042,729,959,723,1067,881,958,877,990,271.4
1,,,,,,,,,,,,,,1077,360,929,359,1096,472,925,449,1105,561,934,365,1046,563,970,564,1045,729,960,723,1069,879,959,876,991,271
1,,,,,,,,,,,,,,1078,361,930,361,1097,477,919,451,1105,562,921,395,1045,563,969,564,1045,729,960,724,1068,880,959,877,992,271
1,,,,,,,,,,,,,,1075,362,933,359,1096,475,919,451,1107,565,922,383,1045,564,970,564,1047,729,959,723,1069,880,959,876,993,271.2
1,,,,,,,,,,,,,,1081,365,933,357,1105,478,899,449,1118,573,909,380,1048,568,970,569,1050,731,962,726,1069,881,958,878,996.2,269.8
1,,,,,,,,,,,,,,1081,365,938,355,1105,477,888,438,1118,574,890,342,1049,569,972,570,1051,733,962,727,1069,880,958,877,997.8,268.8
1,,,,,,,,,,,,,,1082,365,940,355,1105,479,885,437,1118,575,887,329,1050,570,975,566,1052,734,961,729,1071,880,957,877,998.8,268.6
1,,,,,,,,,,,,,,1083,366,939,357,1105,479,885,439,1118,574,885,333,1050,570,975,567,1052,734,961,730,1071,881,956,877,999.4,269.8
1,,,,,,,,,,,,,,1083,366,939,357,1103,480,885,437,1118,576,882,323,1051,571,975,569,1053,735,962,730,1071,881,956,878,999.4,269.6
1,,,,,,,,,,,,,,1083,366,940,357,1102,481,884,433,1119,579,880,320,1051,571,976,568,1053,734,962,729,1069,881,957,878,1000,270.6
1,,,,,,,,,,,,,,1083,367,939,359,1100,482,882,438,1117,577,883,325,1051,571,976,569,1053,735,963,730,1070,880,957,877,1000,270.8
1,,,,,,,,,,,,,,1083,366,941,358,1097,483,878,440,1102,577,881,333,1047,569,970,570,1043,733,960,729,1070,881,954,877,1000.4,270.6
1,,,,,,,,,,,,,,1082,366,941,357,1098,483,880,442,1100,575,882,341,1046,568,969,569,1043,734,961,729,1069,882,956,877,1001,270.4
1,,,,,,,,,,,,,,1081,366,941,357,1097,482,881,442,1098,574,882,341,1044,568,969,569,1043,734,958,729,1069,882,953,877,1001,270.4
1,,,,,,,,,,,,,,1081,365,941,357,1093,480,880,442,1095,572,882,341,1046,565,968,567,1044,733,958,729,1068,882,953,878,1000,269.4
1,,,,,,,,,,,,,,1082,365,941,356,1095,480,880,442,1094,568,883,343,1046,566,967,568,1045,733,957,729,1069,881,952,877,1000.2,269.6
1,,,,,,,,,,,,,,1082,364,942,355,1092,476,881,441,1092,566,882,344,1045,565,968,567,1044,734,958,730,1070,882,953,879,999.4,269.4
1,,,,,,,,,,,,,,1082,365,941,355,1090,479,885,442,1092,568,883,348,1046,565,968,567,1044,732,958,728,1070,881,953,878,999.4,269.4
1,,,,,,,,,,,,,,1082,365,940,355,1091,480,885,442,1092,570,883,347,1046,565,968,567,1045,732,958,728,1071,880,954,877,1000,269.6
1,,,,,,,,,,,,,,1083,366,940,355,1092,482,884,443,1092,567,883,348,1046,566,968,568,1044,732,957,728,1069,880,953,877,1000.2,270
1,,,,,,,,,,,,,,1083,367,939,356,1092,484,882,443,1099,582,882,348,1047,568,970,568,1044,732,959,728,1069,880,954,878,1000.2,270.4
1,,,,,,,,,,,,,,1083,367,938,356,1096,483,882,443,1102,580,882,345,1047,570,969,570,1047,733,959,729,1071,879,952,878,1000.2,270.4
1,,,,,,,,,,,,,,1083,367,938,357,1096,482,882,444,1106,577,882,346,1047,569,973,566,1048,734,960,729,1069,879,954,878,1000.2,270.4
1,,,,,,,,,,,,,,1083,367,938,357,1096,480,883,445,1110,577,882,345,1048,569,973,566,1049,733,960,729,1069,880,954,877,1000.2,270
1,,,,,,,,,,,,,,1083,367,938,358,1097,480,885,446,1112,578,882,347,1048,569,973,567,1050,734,961,730,1070,880,955,878,999.8,270.4
1,,,,,,,,,,,,,,1083,368,938,357,1097,482,886,446,1113,579,883,346,1048,570,973,568,1050,734,962,730,1070,879,954,878,1000,270.6
1,,,,,,,,,,,,,,1082,367,940,358,1097,482,884,444,1116,576,883,341,1048,569,975,568,1050,734,962,729,1070,879,957,878,1000,271.8
1,,,,,,,,,,,,,,1082,367,939,358,1097,481,885,446,1115,576,885,346,1048,570,974,569,1050,733,962,729,1069,879,957,878,999.8,271.8
1,,,,,,,,,,,,,,1081,367,939,359,1097,482,887,446,1114,576,883,349,1048,569,974,569,1050,735,962,730,1069,880,957,878,999.8,271.8
1,,,,,,,,,,,,,,1081,367,937,358,1097,481,893,447,1112,576,885,355,1048,568,974,568,1049,733,962,729,1071,880,957,878,999,271.4
1,,,,,,,,,,,,,,1080,367,938,359,1095,482,894,451,1110,575,886,354,1047,569,975,569,1048,734,962,730,1072,880,957,878,998.8,272.8
1,,,,,,,,,,,,,,1079,367,937,358,1096,481,899,458,1108,574,902,371,1046,569,973,568,1048,734,962,730,1072,881,957,878,999,272.4
1,,,,,,,,,,,,,,1079,365,939,358,1094,480,899,458,1107,577,903,367,1046,568,971,570,1046,733,961,729,1070,881,956,878,998.8,272
1,,,,,,,,,,,,,,1076,362,935,356,1094,480,925,459,1099,574,922,382,1045,564,972,564,1041,731,960,726,1069,882,956,877,998.4,271
1,,,,,,,,,,,,,,1076,362,934,359,1092,481,926,464,1097,574,918,391,1048,566,972,564,1042,730,960,726,1069,882,956,877,998.6,271.6
1,,,,,,,,,,,,,,1075,361,934,357,1091,480,927,462,1095,575,922,390,1047,565,971,562,1042,730,959,725,1069,882,956,876,998.2,271.8
1,,,,,,,,,,,,,,1075,361,935,358,1091,480,930,463,1095,576,920,397,1046,562,971,561,1041,730,958,725,1070,882,955,876,997.4,271.4
1,,,,,,,,,,,,,,1079,364,935,359,1097,481,922,454,1098,567,936,424,1045,565,969,564,1042,731,957,728,1069,883,956,877,999.4,274.8
1,,,,,,,,,,,,,,1079,362,935,357,1097,479,925,454,1099,565,938,406,1047,566,970,562,1041,729,957,725,1069,882,956,877,999.8,274.4
1,,,,,,,,,,,,,,1079,362,935,359,1095,479,929,459,1099,567,934,546,1047,567,970,563,1043,730,958,726,1070,882,956,877,999.8,274.2
1,,,,,,,,,,,,,,1078,362,936,358,1096,478,927,456,1102,567,938,419,1047,566,971,562,1045,730,958,726,1070,882,956,877,1000.2,273.8
1,,,,,,,,,,,,,,1078,362,935,358,1094,478,927,455,1102,566,941,402,1047,564,971,563,1045,731,958,727,1070,882,957,877,1000.4,273.4
1,,,,,,,,,,,,,,1078,362,935,359,1095,478,935,458,1107,570,950,423,1048,568,973,565,1049,732,962,728,1072,882,958,878,1003.2,273.4
1,,,,,,,,,,,,,,1079,362,935,359,1096,477,933,462,1109,565,954,398,1049,567,975,565,1050,731,964,727,1072,883,959,878,1004.4,273.4
1,,,,,,,,,,,,,,1079,362,936,361,1098,477,934,464,1109,569,953,427,1049,567,975,564,1049,731,963,727,1071,882,958,878,1004.2,273.4
1,,,,,,,,,,,,,,1080,363,936,362,1098,478,938,467,1108,571,940,545,1049,568,975,565,1049,731,964,728,1073,883,959,878,1004.4,273.4
1,,,,,,,,,,,,,,1080,364,936,363,1099,480,940,470,1106,573,943,547,1049,564,975,565,1048,730,964,728,1073,883,959,877,1004.6,273.4
1,,,,,,,,,,,,,,1080,363,936,361,1099,479,936,467,1106,572,943,544,1049,563,974,565,1047,730,963,727,1072,883,960,878,1004.6,273.2
1,,,,,,,,,,,,,,1081,363,936,362,1100,480,940,469,1106,572,956,536,1050,567,975,564,1048,730,965,726,1073,883,960,879,1004.8,273.4
1,,,,,,,,,,,,,,1081,363,937,359,1099,479,947,466,1107,571,959,396,1052,566,976,564,1051,730,968,726,1074,882,960,878,1006,273.4
1,,,,,,,,,,,,,,1081,362,937,358,1098,479,948,468,1107,570,961,395,1052,566,977,565,1053,730,970,727,1075,881,960,878,1006.4,273.4
1,,,,,,,,,,,,,,1081,363,937,359,1099,479,948,469,1107,570,961,397,1052,565,977,565,1054,729,970,726,1075,882,960,879,1006.4,274
1,,,,,,,,,,,,,,1081,362,937,358,1098,479,947,467,1107,569,961,395,1052,565,977,564,1053,729,969,726,1075,880,960,879,1007,274
1,,,,,,,,,,,,,,1080,363,937,357,1099,479,947,465,1109,568,965,383,1052,564,977,564,1055,729,970,726,1075,880,960,878,1007.6,273.4
1,,,,,,,,,,,,,,1080,363,936,357,1099,479,948,465,1108,569,965,396,1053,565,977,564,1056,728,971,726,1074,880,959,876,1008,273.8
1,,,,,,,,,,,,,,1080,363,936,357,1099,479,948,465,1108,569,965,396,1053,565,977,564,1056,728,971,726,1074,880,959,876,1008,273.8
1,,,,,,,,,,,,,,1080,362,938,356,1096,477,948,459,1110,567,967,394,1054,566,978,566,1061,728,969,730,1078,876,961,877,1009.4,272.4
1,,,,,,,,,,,,,,1080,362,938,356,1096,477,949,457,1108,562,969,390,1054,566,979,565,1061,727,970,729,1078,876,961,877,1009.2,271.8
1,,,,,,,,,,,,,,1079,362,938,355,1094,477,951,456,1108,563,970,376,1055,565,980,565,1062,727,970,729,1079,875,961,877,1009.4,272.2
1,,,,,,,,,,,,,,1079,362,938,357,1094,479,955,464,1107,569,970,389,1054,568,980,567,1060,727,971,728,1078,875,961,876,1009.4,273
1,,,,,,,,,,,,,,1079,363,938,358,1095,479,956,466,1106,569,1012,552,1054,568,980,567,1061,727,973,728,1079,874,962,877,1008.8,273.8
1,,,,,,,,,,,,,,1079,363,939,356,1094,479,955,465,1106,571,970,538,1054,568,980,567,1060,726,973,728,1078,875,961,878,1008.8,273.2
1,,,,,,,,,,,,,,1078,365,937,360,1091,479,952,473,1102,573,956,549,1054,568,980,567,1063,728,978,729,1078,875,964,877,1008,273.8
1,,,,,,,,,,,,,,1077,365,938,359,1094,479,953,468,1104,571,965,540,1054,567,980,567,1063,728,977,729,1078,876,966,877,1008.4,274
1,,,,,,,,,,,,,,1078,366,936,358,1093,480,953,471,1104,572,960,548,1054,568,980,567,1065,729,980,729,1078,876,967,877,1008.2,274.2
1,,,,,,,,,,,,,,1078,366,937,360,1093,479,954,470,1105,572,962,541,1054,568,980,568,1064,729,978,729,1077,877,966,877,1008,273.8
1,,,,,,,,,,,,,,1078,365,936,358,1093,480,954,472,1105,572,959,547,1054,568,980,567,1063,729,978,729,1076,877,966,877,1007.8,273.8
1,,,,,,,,,,,,,,1078,365,936,358,1094,479,954,471,1106,571,962,546,1054,568,980,567,1062,729,977,728,1075,878,965,876,1008,274.6
1,,,,,,,,,,,,,,1078,364,935,357,1094,479,954,471,1106,571,962,547,1054,567,980,567,1062,729,978,727,1075,879,965,877,1008,274
1,,,,,,,,,,,,,,1078,364,935,357,1094,479,954,471,1106,571,960,547,1054,568,980,567,1062,729,977,728,1075,879,965,877,1008.2,274.4
1,,,,,,,,,,,,,,1078,364,938,358,1094,479,954,469,1107,571,959,547,1054,569,979,567,1061,730,975,728,1074,880,962,877,1008.4,274
1,,,,,,,,,,,,,,1079,365,937,359,1094,480,954,471,1106,572,960,548,1054,564,979,568,1060,730,976,728,1074,882,961,878,1008.4,274
1,,,,,,,,,,,,,,1079,364,937,358,1094,479,953,470,1107,572,963,541,1054,565,978,568,1057,730,974,728,1074,881,960,878,1008.8,274
1,,,,,,,,,,,,,,1079,363,938,357,1094,478,955,467,1106,570,966,538,1053,569,979,567,1057,730,974,728,1073,881,960,878,1008.8,272.6
1,,,,,,,,,,,,,,1079,360,937,355,1094,477,954,462,1108,568,972,376,1054,567,980,566,1055,729,971,727,1074,881,960,878,1008.8,272.4
1,,,,,,,,,,,,,,1078,360,937,355,1092,475,952,456,1109,561,970,372,1055,567,979,566,1057,730,971,728,1075,881,959,878,1008.8,273
1,,,,,,,,,,,,,,1081,358,937,355,1092,472,950,453,1110,559,967,372,1055,565,979,564,1058,729,970,727,1075,882,959,879,1008.8,272.8
1,,,,,,,,,,,,,,1080,358,937,354,1093,472,947,452,1110,558,966,372,1054,565,979,564,1057,729,970,727,1075,882,959,877,1008.2,273
1,,,,,,,,,,,,,,1081,358,937,355,1093,473,944,455,1111,560,962,372,1054,564,978,564,1056,729,970,726,1074,882,959,878,1007.2,272.8
1,,,,,,,,,,,,,,1081,357,937,356,1093,473,947,458,1110,560,962,376,1054,564,978,564,1055,729,969,726,1075,882,959,878,1006.8,273
1,,,,,,,,,,,,,,1078,359,937,356,1097,474,941,457,1110,560,960,376,1053,564,977,564,1055,729,968,726,1075,881,960,877,1006.8,273.2
1,,,,,,,,,,,,,,1079,359,937,357,1097,476,944,462,1110,561,960,375,1053,563,977,564,1054,729,968,725,1075,882,959,876,1006.8,272.6
1,,,,,,,,,,,,,,1079,359,937,357,1097,477,942,463,1110,563,957,376,1052,563,977,564,1053,730,967,726,1075,882,959,877,1006.8,272.2
1,,,,,,,,,,,,,,1080,359,936,358,1096,477,937,463,1105,560,958,427,1051,563,975,562,1051,728,965,724,1075,882,958,877,1005.2,271.8
1,,,,,,,,,,,,,,1080,359,936,359,1095,478,935,464,1104,561,949,543,1051,564,975,563,1050,727,962,725,1074,882,958,877,1005.2,272
1,,,,,,,,,,,,,,1080,360,936,359,1099,478,932,463,1102,561,949,543,1050,565,974,563,1050,728,960,726,1074,882,958,876,1004.4,271.8
1,,,,,,,,,,,,,,1080,360,936,359,1094,477,934,464,1101,562,949,544,1050,565,974,563,1048,728,962,725,1074,883,958,877,1004.4,271.8
1,,,,,,,,,,,,,,1080,359,936,358,1094,477,933,460,1101,562,954,421,1049,565,973,563,1048,729,959,726,1074,883,957,876,1004.4,272
1,,,,,,,,,,,,,,1080,359,937,359,1096,476,927,453,1099,560,942,421,1048,564,972,563,1045,729,958,726,1074,882,956,877,1003.2,271.8
1,,,,,,,,,,,,,,1081,362,936,359,1097,479,925,455,1098,562,936,431,1048,567,971,565,1045,730,959,726,1073,884,958,878,1003.6,272
1,,,,,,,,,,,,,,1081,362,935,359,1096,479,926,459,1098,562,936,427,1048,564,971,567,1046,731,960,727,1074,883,959,878,1003.6,270.6
1,,,,,,,,,,,,,,1081,362,937,357,1096,476,924,455,1101,564,918,410,1048,563,973,566,1048,730,960,725,1073,883,956,877,1004.6,269.6
1,,,,,,,,,,,,,,1082,361,939,354,1094,476,924,454,1100,566,915,425,1048,564,972,566,1047,730,961,725,1073,882,957,877,1005,268.8
1,,,,,,,,,,,,,,1083,363,938,354,1097,477,917,453,1102,571,915,411,1048,567,972,569,1049,732,962,726,1073,883,958,878,1005,269.4
1,,,,,,,,,,,,,,1085,367,936,356,1096,479,893,450,1109,575,904,379,1049,569,974,568,1052,733,962,729,1073,881,956,877,1007,270
1,,,,,,,,,,,,,,1085,366,943,358,1095,481,891,448,1112,578,882,351,1050,569,977,569,1051,735,961,728,1073,881,955,877,1006.6,269.6
1,,,,,,,,,,,,,,1085,365,944,358,1093,481,890,447,1111,578,877,343,1049,569,975,567,1050,734,961,728,1073,881,956,877,1006.4,269.2
1,,,,,,,,,,,,,,1086,366,943,359,1093,482,890,449,1110,575,879,351,1048,570,974,568,1050,735,962,729,1073,882,955,877,1006.8,269.2
1,,,,,,,,,,,,,,1086,368,939,359,1096,483,892,449,1110,576,877,373,1047,570,972,569,1049,734,962,729,1074,881,954,877,1006.4,269.2
1,,,,,,,,,,,,,,1086,368,939,359,1096,483,890,449,1109,577,878,368,1046,570,972,569,1047,734,961,730,1074,881,956,878,1006.6,269
1,,,,,,,,,,,,,,1085,367,939,358,1096,483,887,449,1110,579,880,353,1046,570,972,568,1047,734,961,730,1073,881,955,877,1006.4,268.6
1,,,,,,,,,,,,,,1086,367,939,358,1097,483,889,449,1110,578,880,357,1047,571,972,569,1047,733,962,729,1072,881,954,877,1006.4,269
1,,,,,,,,,,,,,,1086,366,939,358,1096,484,890,451,1108,581,878,368,1046,570,971,567,1046,733,961,728,1072,882,954,877,1006,268.8
1,,,,,,,,,,,,,,1086,366,939,358,1095,483,889,450,1106,583,876,374,1045,570,971,567,1046,732,959,728,1073,881,954,877,1006.2,268.8
1,,,,,,,,,,,,,,1083,367,939,359,1089,482,890,451,1093,579,876,369,1044,569,968,567,1041,732,957,728,1072,882,953,878,1004.6,271.4
1,,,,,,,,,,,,,,1083,367,939,360,1091,481,892,454,1093,574,876,378,1044,569,966,567,1041,732,957,727,1071,881,953,877,1004.2,271.4
1,,,,,,,,,,,,,,1083,367,938,360,1091,481,891,453,1092,572,877,380,1044,569,966,568,1041,733,957,728,1071,882,953,878,1003.8,271
1,,,,,,,,,,,,,,1083,367,938,360,1086,482,891,454,1090,573,878,379,1043,569,962,572,1041,733,957,728,1071,881,953,877,1003.2,271.2
1,,,,,,,,,,,,,,1082,366,939,360,1084,480,892,454,1090,570,878,379,1043,568,962,571,1055,733,957,727,1070,882,953,877,1003.2,271.4
1,,,,,,,,,,,,,,1081,366,940,361,1081,481,893,455,1090,574,878,378,1041,568,961,571,1054,734,955,728,1071,882,952,877,1002.6,271.8
1,,,,,,,,,,,,,,1081,366,940,361,1081,481,893,456,1088,573,877,379,1041,568,961,571,1054,734,955,727,1072,882,953,877,1002.4,271.8
1,,,,,,,,,,,,,,1080,364,940,360,1081,480,893,455,1088,576,878,379,1040,567,961,570,1052,733,955,727,1072,882,953,877,1001.6,271.6
1,,,,,,,,,,,,,,1079,362,940,360,1087,476,891,457,1090,577,876,382,1040,568,960,570,1053,736,955,730,1071,882,956,879,998.8,272
1,,,,,,,,,,,,,,1078,362,938,360,1090,477,891,457,1091,577,876,383,1041,569,960,571,1053,737,956,730,1071,883,957,879,998.2,272
1,,,,,,,,,,,,,,1078,362,938,360,1090,480,890,458,1092,576,876,383,1040,568,961,570,1052,737,957,730,1070,883,956,879,997.4,271.6
1,,,,,,,,,,,,,,1077,362,938,360,1088,479,891,458,1093,578,875,381,1040,568,960,570,1051,737,957,731,1070,883,958,881,996.2,271.6
1,,,,,,,,,,,,,,1076,362,937,361,1085,481,890,460,1093,578,875,383,1039,569,960,571,1053,737,958,732,1072,882,958,880,995.4,271.8
1,,,,,,,,,,,,,,1075,363,935,360,1084,481,890,461,1094,578,876,385,1037,570,959,571,1052,736,957,731,1071,883,957,881,994.4,272
1,,,,,,,,,,,,,,1079,363,934,361,1084,482,890,462,1094,579,876,385,1036,571,958,572,1050,737,956,732,1069,883,959,881,993.4,272
1,,,,,,,,,,,,,,1077,362,933,360,1082,482,890,462,1093,577,877,386,1034,571,957,572,1049,738,954,734,1070,883,957,881,992.6,271.2
1,,,,,,,,,,,,,,1077,362,932,360,1080,482,889,462,1091,577,877,387,1032,574,956,573,1049,739,954,735,1068,883,957,880,992,270.6
1,,,,,,,,,,,,,,1073,361,931,360,1075,482,892,463,1087,580,875,385,1029,576,954,575,1043,741,960,735,1068,884,957,879,987.4,270.8
1,,,,,,,,,,,,,,1071,361,931,359,1075,482,891,463,1084,578,877,390,1028,575,953,574,1039,740,958,735,1066,884,955,880,987,271.8
1,,,,,,,,,,,,,,1070,362,930,360,1078,485,886,465,1080,579,875,398,1027,574,952,574,1041,740,957,735,1068,883,955,880,982.6,271.6
1,,,,,,,,,,,,,,1069,361,928,360,1077,484,881,465,1080,577,875,389,1026,575,951,575,1041,739,957,734,1069,884,955,881,981,271.4
1,,,,,,,,,,,,,,1069,361,928,360,1077,484,881,465,1080,577,875,389,1026,575,951,575,1041,739,957,734,1069,884,955,881,981,271.4
1,,,,,,,,,,,,,,1066,360,932,364,1072,483,877,464,1078,577,875,384,1025,574,951,574,1041,737,958,733,1068,882,953,879,979.8,271.8
1,,,,,,,,,,,,,,1064,361,931,365,1070,484,872,463,1075,578,874,381,1023,574,950,574,1041,735,957,731,1068,882,953,880,977.2,272
1,,,,,,,,,,,,,,1063,362,931,366,1071,484,871,464,1072,580,874,387,1022,576,948,575,1040,737,955,733,1069,883,954,879,976,273.4
1,,,,,,,,,,,,,,1059,363,929,366,1067,486,870,463,1064,581,873,387,1020,577,947,576,1037,736,954,732,1068,883,954,881,973.2,273.6
1,,,,,,,,,,,,,,1056,364,927,368,1067,486,872,468,1061,577,877,388,1017,577,946,576,1035,737,954,734,1069,884,955,881,970.2,275
1,,,,,,,,,,,,,,1054,363,926,365,1060,484,874,466,1059,577,875,384,1015,575,944,576,1034,738,952,736,1069,886,954,883,965.8,274.6
1,,,,,,,,,,,,,,1051,362,921,365,1051,484,877,463,1056,577,878,382,1011,574,941,575,1031,738,951,736,1067,884,955,883,965,273.8
1,,,,,,,,,,,,,,1050,363,918,365,1047,484,880,466,1054,580,880,390,1009,574,938,575,1030,737,951,736,1067,885,954,883,962,273.6
1,,,,,,,,,,,,,,1050,363,916,365,1049,487,881,469,1048,581,883,391,1008,573,936,573,1027,736,949,734,1067,884,954,882,957.6,273.2
1,,,,,,,,,,,,,,1048,362,921,361,1048,486,881,467,1045,578,883,384,1005,575,935,573,1025,736,947,734,1066,884,953,882,955.8,272.6
1,,,,,,,,,,,,,,1046,363,918,359,1044,487,881,468,1045,582,884,385,1002,575,930,576,1026,737,946,735,1065,885,954,882,953.8,271.4
1,,,,,,,,,,,,,,1044,364,916,360,1038,487,888,466,1041,582,882,392,1000,574,929,576,1025,737,943,734,1067,884,954,882,951.8,271.6
1,,,,,,,,,,,,,,1042,364,912,361,1039,485,884,467,1041,578,885,394,1000,572,930,574,1027,737,944,733,1067,884,954,882,950.6,273.6
1,,,,,,,,,,,,,,1039,363,907,362,1036,485,891,471,1040,577,886,408,1001,569,930,571,1027,735,940,730,1069,882,954,880,948.6,273.8
1,,,,,,,,,,,,,,1036,362,905,360,1033,483,886,468,1039,575,885,405,1000,568,930,570,1027,734,938,729,1068,881,953,881,947.8,274.2
1,,,,,,,,,,,,,,1033,361,903,359,1028,482,877,466,1036,573,884,395,998,570,928,571,1026,734,936,731,1069,881,954,880,943.2,275.6
1,,,,,,,,,,,,,,1029,358,900,357,1026,479,867,460,1035,572,880,387,998,569,929,569,1026,732,935,730,1068,881,952,881,941.2,274.4
1,,,,,,,,,,,,,,1026,357,900,357,1027,477,865,459,1035,567,878,391,998,566,930,567,1024,729,936,727,1068,880,952,880,942.2,273.2
1,,,,,,,,,,,,,,1024,357,900,358,1029,475,863,460,1034,562,878,386,998,565,929,567,1024,729,938,729,1065,877,953,881,943.2,274.8
1,,,,,,,,,,,,,,1023,358,898,368,1028,474,864,468,1035,558,879,395,996,566,928,566,1021,724,942,728,1060,871,954,879,942.6,276.6
1,,,,,,,,,,,,,,1023,356,896,368,1025,472,866,467,1035,558,881,390,995,563,924,567,1020,722,944,724,1057,866,953,877,943,276.4
1,,,,,,,,,,,,,,1025,358,897,368,1029,474,868,468,1036,562,882,394,995,563,925,565,1017,719,944,722,1048,863,953,874,943.8,277.4
1,,,,,,,,,,,,,,1027,361,896,371,1030,478,881,475,1039,569,882,403,999,561,926,568,1016,721,947,723,1046,862,956,873,943.8,278
1,,,,,,,,,,,,,,1027,363,895,371,1031,478,879,474,1041,568,888,397,998,566,928,567,1012,720,946,723,1041,858,956,875,945.8,280.2
1,,,,,,,,,,,,,,1028,363,895,371,1033,478,888,475,1044,563,890,406,998,564,928,564,1014,717,944,722,1033,852,957,876,945.8,279.4
1,,,,,,,,,,,,,,1029,365,890,372,1035,479,896,478,1045,568,894,413,1001,562,928,562,1011,714,947,721,1025,846,947,872,948,278.4
1,,,,,,,,,,,,,,1030,367,890,374,1039,481,902,483,1046,569,939,558,1003,563,930,563,1010,714,948,722,1015,837,946,873,948.6,280
1,,,,,,,,,,,,,,1031,367,892,372,1043,481,899,477,1050,561,910,418,1005,562,934,564,1005,709,948,719,1011,826,960,877,952.4,280.2
1,,,,,,,,,,,,,,1034,368,892,371,1045,480,902,475,1055,557,924,401,1009,563,934,567,1003,709,946,720,1002,824,962,876,956.4,282.4
1,,,,,,,,,,,,,,1037,369,894,372,1046,481,897,481,1056,558,931,415,1013,563,937,566,1002,709,948,720,999,826,961,875,958.2,283.8
1,,,,,,,,,,,,,,1038,368,896,371,1046,481,901,477,1056,559,936,388,1016,560,942,566,1006,708,950,722,1003,819,960,871,962,284.4
1,,,,,,,,,,,,,,1038,370,896,372,1047,480,910,480,1057,555,933,417,1016,561,943,567,1010,712,951,724,1005,821,959,872,967.8,286
1,,,,,,,,,,,,,,1041,373,900,372,1048,483,914,475,1057,559,933,395,1016,563,944,567,1008,712,951,724,1005,823,958,872,971.4,288.2
1,,,,,,,,,,,,,,1049,376,908,375,1051,483,929,481,1062,571,954,416,1021,564,948,569,1005,713,951,726,1004,826,956,870,981,294.2
1,,,,,,,,,,,,,,1048,378,912,375,1049,484,932,481,1063,572,951,396,1022,566,952,569,1004,713,952,727,1003,826,956,872,984.4,294.8
1,,,,,,,,,,,,,,1049,379,914,376,1052,484,929,485,1061,570,988,558,1023,564,951,568,1008,713,954,724,1001,826,958,873,988.6,297
1,,,,,,,,,,,,,,1051,378,922,376,1050,484,943,486,1063,572,992,562,1025,567,955,565,1013,710,956,721,1003,825,957,873,993.8,296.8
1,,,,,,,,,,,,,,1052,379,928,376,1048,483,949,485,1063,573,992,564,1025,568,957,565,1014,709,956,720,1002,825,957,873,996.8,297.2
1,,,,,,,,,,,,,,1054,380,930,377,1067,486,950,484,1062,572,989,566,1025,568,959,563,1012,708,955,718,1001,825,955,871,999.2,296.8
1,,,,,,,,,,,,,,1054,380,932,379,1066,485,952,484,1063,572,990,566,1025,569,959,563,1013,708,957,714,1002,824,953,867,1001.4,297.2
1,,,,,,,,,,,,,,1055,381,934,379,1065,485,949,485,1064,573,988,576,1024,569,958,565,1014,708,955,713,1005,823,951,865,1004,296.8
1,,,,,,,,,,,,,,1055,380,935,378,1064,486,949,483,1062,572,986,575,1023,568,957,561,1009,705,952,715,1001,826,945,864,1005.2,296.4
1,,,,,,,,,,,,,,1053,379,935,379,1063,485,948,482,1063,572,953,582,1022,564,957,558,1006,704,953,711,997,833,940,855,1004.6,298.4
1,,,,,,,,,,,,,,1052,379,933,379,1063,484,953,490,1062,569,986,566,1021,561,957,554,1003,701,952,703,993,839,934,846,1002.8,299.4
1,,,,,,,,,,,,,,1049,382,933,378,1047,482,952,489,1064,567,985,564,1021,558,958,551,1001,700,948,701,991,840,928,841,1001,299.8
1,,,,,,,,,,,,,,1047,382,933,378,1064,484,952,485,1064,563,988,560,1020,558,958,551,1000,701,948,702,990,841,924,838,1000,300.8
1,,,,,,,,,,,,,,1036,384,927,381,1055,484,932,482,1062,566,952,560,1012,561,954,555,1000,700,945,701,992,834,917,828,995.6,303.6
1,,,,,,,,,,,,,,1031,384,925,381,1049,483,931,483,1059,563,955,559,1007,560,952,555,994,698,944,700,988,831,919,825,991,305.4
1,,,,,,,,,,,,,,1028,381,921,381,1047,480,930,483,1054,561,965,561,1006,557,952,553,993,697,942,700,989,829,921,826,987.6,304.8
1,,,,,,,,,,,,,,1024,381,919,382,1032,481,928,483,1054,559,965,562,1004,556,951,553,991,697,942,702,987,829,922,827,986.2,303.4
1,,,,,,,,,,,,,,1016,381,916,381,1026,479,928,487,1050,558,965,562,1002,554,949,551,990,695,941,699,987,828,925,827,983,304.2
1,,,,,,,,,,,,,,1013,381,912,382,1021,479,927,485,1044,558,962,558,999,554,945,550,986,695,939,699,988,829,925,829,978.2,305.6
1,,,,,,,,,,,,,,1009,381,908,382,1031,477,922,484,1040,556,959,556,997,553,942,549,999,696,937,698,988,828,925,830,974.4,306.6
1,,,,,,,,,,,,,,1003,378,900,381,1018,469,929,479,1033,558,958,560,991,551,934,548,982,693,936,697,986,822,924,824,963.6,304.2
1,,,,,,,,,,,,,,1001,380,900,383,1017,469,936,479,1028,567,959,560,991,555,934,552,982,694,933,700,987,822,920,825,962.6,306.2
1,,,,,,,,,,,,,,995,383,902,383,1011,466,943,476,1022,554,975,417,989,556,934,553,984,694,934,702,986,821,916,828,962.2,306.2
1,,,,,,,,,,,,,,992,384,903,382,1009,465,950,473,1019,556,980,399,989,556,934,553,987,693,934,702,994,820,920,827,960.4,305.6
1,,,,,,,,,,,,,,992,384,903,383,1006,465,944,472,1016,556,979,397,990,553,934,554,991,692,934,701,1005,819,924,826,959.8,305.6
1,,,,,,,,,,,,,,993,385,901,385,1005,470,934,480,1016,564,951,563,989,556,933,557,993,693,933,703,1006,818,924,826,959.2,305
1,,,,,,,,,,,,,,991,384,898,384,1003,474,929,483,1016,563,952,564,988,555,932,557,996,692,933,702,1013,816,924,824,957.4,305.6
1,,,,,,,,,,,,,,987,381,895,383,999,476,924,484,1014,559,952,562,987,553,932,556,995,692,932,701,1015,815,923,824,956.2,306.2
1,,,,,,,,,,,,,,985,383,890,390,993,482,918,489,1014,566,946,567,990,555,933,560,999,692,932,701,1024,813,924,823,954.2,307
1,,,,,,,,,,,,,,988,380,892,388,995,471,913,483,1014,558,931,580,990,553,934,557,1008,684,933,696,1030,814,922,819,953.4,308
1,,,,,,,,,,,,,,988,381,894,389,991,472,912,483,1011,557,929,578,991,555,936,559,1010,686,934,699,1032,814,923,821,954.4,310.8
1,,,,,,,,,,,,,,991,380,893,388,996,476,908,485,1013,559,930,577,992,555,936,559,1012,685,934,698,1033,814,920,820,956.2,311.6
1,,,,,,,,,,,,,,993,380,896,387,996,478,912,485,1014,557,932,574,993,554,940,558,1017,686,927,697,1035,814,920,818,958.6,310.2
1,,,,,,,,,,,,,,995,379,900,388,998,477,913,484,1016,558,931,575,996,555,942,558,1017,687,931,696,1042,815,919,818,961.4,309.6
1,,,,,,,,,,,,,,998,379,902,388,1002,476,917,485,1020,566,929,577,999,556,946,560,1020,688,932,698,1045,816,917,818,962.8,307.4
1,,,,,,,,,,,,,,1002,379,907,387,1010,473,923,483,1028,558,934,574,1002,557,948,559,1014,687,932,699,1051,807,916,816,966.8,306.6
1,,,,,,,,,,,,,,1007,379,913,386,1014,474,926,485,1030,559,932,576,1005,557,951,559,1017,688,935,699,1053,808,916,817,972.2,306.8
1,,,,,,,,,,,,,,1011,380,919,386,1022,476,927,483,1032,560,933,577,1011,554,954,558,1027,688,934,698,1052,813,917,816,979,309.6
1,,,,,,,,,,,,,,1015,381,922,387,1026,478,929,485,1035,570,936,581,1016,557,957,561,1033,690,938,697,1060,810,918,817,981.8,311
1,,,,,,,,,,,,,,1020,383,923,393,1032,481,924,486,1038,573,935,581,1019,559,958,562,1036,690,941,697,1060,812,919,817,983.4,315
1,,,,,,,,,,,,,,1040,386,946,396,1053,482,953,491,1055,576,957,581,1034,562,980,562,1044,699,960,699,1067,814,921,816,1005.2,315
1,,,,,,,,,,,,,,1046,385,950,396,1059,480,954,490,1059,573,955,574,1042,561,985,562,1045,694,965,698,1070,811,923,817,1010,314.6
1,,,,,,,,,,,,,,1053,385,955,391,1065,482,951,485,1066,575,954,574,1048,560,988,560,1046,694,957,697,1069,810,923,818,1017.6,314.2
1,,,,,,,,,,,,,,1057,386,959,385,1057,482,955,481,1071,576,963,574,1052,562,991,560,1055,695,963,699,1073,811,925,819,1022.4,313.8
1,,,,,,,,,,,,,,1069,386,962,386,1077,485,955,484,1086,576,976,575,1056,560,998,558,1058,693,971,695,1075,808,925,819,1026.8,314.8
1,,,,,,,,,,,,,,1079,388,972,388,1093,490,964,481,1094,574,979,557,1059,564,1003,561,1061,696,972,698,1077,810,926,818,1035,314.6
1,,,,,,,,,,,,,,1092,393,987,382,1102,486,989,467,1119,568,980,379,1069,561,1015,555,1073,693,992,689,1079,812,935,813,1048.2,313
1,,,,,,,,,,,,,,1101,394,993,385,1103,486,992,465,1125,564,983,371,1077,561,1019,558,1080,694,997,693,1080,813,941,811,1053.8,312.8
1,,,,,,,,,,,,,,1110,394,996,386,1114,488,993,470,1131,560,984,374,1080,562,1020,556,1085,690,1004,690,1081,813,946,810,1060,314.6
1,,,,,,,,,,,,,,1106,397,995,386,1124,491,997,473,1145,565,1002,376,1081,564,1021,556,1089,693,1008,690,1082,816,953,813,1063,315
1,,,,,,,,,,,,,,1112,401,996,390,1134,492,996,476,1148,564,998,481,1084,562,1022,554,1092,693,1015,687,1074,814,969,810,1066,315.6
1,,,,,,,,,,,,,,1128,400,1002,386,1143,490,990,469,1174,563,1010,376,1089,567,1024,557,1089,696,1019,692,1085,818,1025,824,1074,310.6
1,,,,,,,,,,,,,,1129,398,1002,386,1147,490,983,470,1175,564,1007,375,1091,563,1023,559,1088,701,1022,695,1089,822,1033,825,1074.2,310.6
1,,,,,,,,,,,,,,1130,399,1003,387,1149,492,983,470,1175,566,1006,373,1092,564,1022,561,1080,704,1026,697,1090,824,1033,827,1073.4,310.4
1,,,,,,,,,,,,,,1129,399,1002,387,1151,493,977,469,1174,568,1007,375,1093,564,1022,562,1080,705,1027,699,1091,824,1032,829,1072.6,310.8
1,,,,,,,,,,,,,,1128,399,1001,387,1149,495,977,472,1161,571,1006,375,1091,565,1022,563,1088,705,1028,699,1093,822,1031,826,1071.2,311.6
1,,,,,,,,,,,,,,1127,400,999,388,1147,495,975,474,1162,568,1008,380,1091,565,1022,564,1083,704,1030,698,1092,821,1032,825,1069.8,312.4
1,,,,,,,,,,,,,,1125,399,1000,384,1142,495,977,473,1157,570,1007,383,1089,564,1022,564,1085,705,1032,700,1091,821,1033,826,1066.8,314
1,,,,,,,,,,,,,,1118,392,995,385,1120,488,980,477,1134,568,1001,383,1085,566,1018,563,1081,698,1030,693,1088,817,1033,823,1057.2,314.4
1,,,,,,,,,,,,,,1117,393,992,387,1117,491,981,478,1126,573,1006,398,1085,566,1017,564,1084,699,1027,697,1088,818,1034,825,1053.4,315.8
1,,,,,,,,,,,,,,1113,392,987,386,1109,493,975,479,1119,579,1005,401,1082,564,1016,563,1081,700,1026,699,1088,817,1034,827,1049.6,315.8
1,,,,,,,,,,,,,,1112,390,986,386,1109,491,974,478,1116,575,996,411,1081,566,1015,563,1081,699,1019,698,1089,819,1033,828,1045.6,316.4
1,,,,,,,,,,,,,,1110,389,987,386,1108,489,977,479,1114,572,989,432,1079,565,1015,562,1079,700,1016,699,1089,819,1031,829,1040.6,315
1,,,,,,,,,,,,,,1109,390,986,387,1106,487,968,479,1109,571,986,432,1078,563,1015,559,1076,696,1013,694,1088,815,1032,824,1037.4,315.6
1,,,,,,,,,,,,,,1100,392,973,391,1097,485,953,482,1103,569,977,429,1063,563,1007,563,1074,696,1023,696,1102,807,1034,818,1023.8,316
1,,,,,,,,,,,,,,1096,391,975,392,1095,485,956,482,1104,568,972,442,1059,562,1005,559,1083,694,1022,693,1106,806,1038,815,1021,317
1,,,,,,,,,,,,,,1092,390,975,391,1093,485,952,482,1102,569,969,439,1056,563,1003,560,1079,694,1020,695,1109,807,1039,819,1019.6,316.8
1,,,,,,,,,,,,,,1089,384,980,389,1091,485,957,483,1100,571,959,539,1055,566,1004,560,1069,695,1020,696,1106,811,1043,820,1018,315.8
1,,,,,,,,,,,,,,1087,384,979,387,1090,485,963,478,1098,573,960,538,1052,565,1002,557,1059,694,1018,694,1100,818,1038,823,1014.6,316.6
1,,,,,,,,,,,,,,1085,384,980,387,1089,486,970,476,1097,573,960,521,1051,563,1000,555,1048,693,1015,691,1100,825,1037,828,1011.4,317
1,,,,,,,,,,,,,,1080,380,982,387,1085,486,975,478,1093,572,952,494,1049,564,1001,556,1046,699,1015,694,1085,834,1037,829,1008.8,316.6
1,,,,,,,,,,,,,,1068,377,986,377,1074,476,974,472,1074,572,1035,554,1038,559,995,551,1016,692,1005,688,1040,833,1042,820,1004.6,313.2
1,,,,,,,,,,,,,,1067,375,987,376,1070,474,981,471,1071,575,1026,561,1036,560,993,552,1016,695,1008,688,1029,830,1033,823,1000.8,311.6
1,,,,,,,,,,,,,,1065,375,984,376,1066,476,974,469,1069,570,1021,548,1033,561,990,552,1013,693,1003,687,1025,836,1029,822,998.6,312
1,,,,,,,,,,,,,,1064,376,986,377,1067,478,975,468,1062,571,950,468,1029,564,991,556,1011,698,1005,689,1020,836,1025,824,997.8,312.4
1,,,,,,,,,,,,,,1062,376,985,376,1060,479,972,471,1055,576,1013,550,1026,566,989,558,1008,699,1002,689,1018,836,1024,824,995.2,311.4
1,,,,,,,,,,,,,,1058,375,982,373,1048,484,965,467,1041,584,993,549,1023,569,989,559,1009,706,1002,696,1022,839,1021,826,993.8,308.8
1,,,,,,,,,,,,,,1057,374,981,375,1049,485,964,472,1037,585,977,553,1022,569,986,560,1005,706,999,698,1019,841,1022,823,992.2,306.8
1,,,,,,,,,,,,,,1057,373,979,373,1046,485,964,476,1038,588,969,552,1022,566,985,559,1006,708,998,700,1019,842,1023,826,991,304.4
1,,,,,,,,,,,,,,1054,372,982,372,1043,486,966,477,1033,586,968,555,1022,564,986,558,1005,708,1000,700,1017,843,1024,826,990,303
1,,,,,,,,,,,,,,1053,372,980,371,1040,486,957,475,1028,585,965,555,1023,563,985,557,1005,705,1002,699,1017,843,1026,828,989.2,301.2
1,,,,,,,,,,,,,,1043,370,978,365,1021,484,957,469,1005,581,954,565,1019,564,982,560,997,704,991,698,1020,843,1027,829,982.6,297.4
1,,,,,,,,,,,,,,1042,369,978,365,1014,485,955,471,999,581,953,563,1018,563,981,559,995,703,987,696,1020,841,1024,828,980.8,296.8
1,,,,,,,,,,,,,,1037,366,981,363,1010,482,955,469,995,575,957,560,1013,565,980,560,990,703,986,697,1020,841,1023,828,978.4,296.2
1,,,,,,,,,,,,,,1037,366,974,360,1012,481,953,467,994,575,947,562,1011,564,975,560,988,703,983,696,1018,840,1020,827,976.6,294.2
1,,,,,,,,,,,,,,1025,364,974,358,1001,480,950,461,983,573,946,553,1004,569,971,564,984,704,981,693,1009,841,1021,816,968.2,292.2
1,,,,,,,,,,,,,,1017,362,964,356,1001,479,950,462,987,576,942,562,997,570,960,565,985,712,970,701,1008,847,1008,825,961,290
1,,,,,,,,,,,,,,1018,362,959,360,1006,479,947,465,992,579,939,563,994,569,954,564,987,709,957,699,1007,846,1001,825,958.4,288.8
1,,,,,,,,,,,,,,1014,358,957,360,992,469,951,464,988,578,945,564,991,569,953,564,984,708,953,696,1006,849,995,830,956.8,289.8
1,,,,,,,,,,,,,,1014,360,954,361,998,480,945,470,993,579,936,565,997,567,947,566,986,714,945,700,1006,855,971,831,953.6,291
1,,,,,,,,,,,,,,1013,362,943,361,997,474,934,471,996,578,935,558,990,569,942,562,984,710,938,695,1007,849,965,829,951.6,290.6
1,,,,,,,,,,,,,,1010,364,940,364,997,477,934,474,998,580,934,565,989,570,942,563,985,709,930,696,1014,846,944,826,947.8,292.8
1,,,,,,,,,,,,,,1006,363,937,361,995,477,928,469,998,582,933,565,989,567,940,561,995,706,929,693,1018,846,935,826,946.6,291.2
1,,,,,,,,,,,,,,995,367,922,360,982,484,907,450,987,586,874,366,977,565,932,560,986,708,909,689,1009,848,887,810,934.2,290.6
1,,,,,,,,,,,,,,992,368,920,360,983,487,906,449,984,587,870,376,975,567,930,563,983,707,900,689,1010,849,876,812,931.6,289.8
1,,,,,,,,,,,,,,992,372,920,365,980,490,904,455,977,591,916,566,973,569,929,566,982,711,898,694,1010,851,867,813,928,291.6
1,,,,,,,,,,,,,,991,375,922,366,977,491,892,446,975,590,860,378,971,568,924,565,979,711,892,692,1008,852,855,813,926.2,295.2
1,,,,,,,,,,,,,,986,378,912,369,974,492,888,454,977,591,856,386,965,571,917,569,976,710,888,692,1006,851,851,811,920.4,297.6
1,,,,,,,,,,,,,,983,378,908,369,972,490,863,451,975,588,853,386,963,571,914,570,975,710,884,691,1005,854,848,813,917,300
1,,,,,,,,,,,,,,981,378,896,369,971,491,862,456,972,589,849,385,960,571,904,569,971,709,878,694,1002,854,844,818,912.8,300.8
1,,,,,,,,,,,,,,959,379,863,372,956,495,846,466,951,590,821,396,934,574,877,569,950,703,866,694,996,844,840,818,891.4,299.8
1,,,,,,,,,,,,,,956,379,856,377,944,495,844,474,943,586,822,417,926,574,868,571,945,706,863,697,991,841,840,820,885.8,303
1,,,,,,,,,,,,,,952,378,851,379,941,492,845,480,936,583,843,566,920,573,863,569,936,704,861,695,988,838,840,818,879,301.4
1,,,,,,,,,,,,,,946,381,841,380,932,495,840,482,928,581,841,565,910,575,856,569,927,708,858,698,979,840,839,819,873.4,301.8
1,,,,,,,,,,,,,,939,377,844,376,928,487,836,473,923,583,839,558,908,570,850,567,928,703,854,693,975,840,840,819,866.8,301.6
1,,,,,,,,,,,,,,932,378,843,378,927,485,839,478,916,580,842,555,905,569,848,567,919,702,851,693,972,839,841,819,863,301.6
1,,,,,,,,,,,,,,930,380,835,381,926,491,840,484,908,578,842,559,900,572,847,568,914,704,848,694,970,840,840,823,860.8,301.4
1,,,,,,,,,,,,,,927,380,839,380,925,492,841,484,902,577,839,558,900,571,846,568,912,705,844,694,962,837,838,824,855.8,302.4
1,,,,,,,,,,,,,,918,377,830,385,922,484,836,482,890,570,828,556,893,569,843,564,898,699,843,688,944,831,840,822,846.8,303.8
1,,,,,,,,,,,,,,915,377,829,383,918,484,833,481,886,571,821,553,891,570,842,567,902,701,842,691,944,831,841,825,843.8,304
1,,,,,,,,,,,,,,912,376,822,384,912,486,823,484,878,566,815,550,891,567,842,566,898,701,839,690,932,835,844,824,839,302.2
1,,,,,,,,,,,,,,909,375,820,383,906,486,819,485,875,565,815,548,891,566,843,566,895,700,840,692,929,837,837,824,837.2,302.6
1,,,,,,,,,,,,,,908,376,817,385,904,487,818,486,872,566,817,546,888,571,843,572,891,705,839,696,926,838,839,828,836.8,304.6
1,,,,,,,,,,,,,,907,378,809,388,901,485,813,486,891,571,824,552,879,570,835,567,880,705,840,697,894,838,842,823,837,307.2
1,,,,,,,,,,,,,,907,377,807,388,899,487,812,487,892,575,824,555,879,569,833,568,877,704,840,697,893,838,842,823,836.4,306.4
1,,,,,,,,,,,,,,908,378,807,388,899,488,812,487,891,580,818,556,879,570,832,569,878,705,839,697,895,838,843,822,835.8,304.8
1,,,,,,,,,,,,,,908,378,806,388,900,489,813,488,895,582,825,560,879,571,832,569,881,706,839,698,896,839,841,823,836.4,306.8
1,,,,,,,,,,,,,,908,380,805,389,904,491,808,489,895,585,823,557,879,570,832,568,878,704,837,696,897,840,841,823,836.4,307.6
1,,,,,,,,,,,,,,908,380,806,390,909,489,809,488,897,583,820,556,878,569,830,567,876,705,835,697,898,840,839,823,837.2,308.2
1,,,,,,,,,,,,,,908,381,812,391,912,488,808,489,900,576,819,555,877,567,830,566,879,706,835,698,897,840,838,824,837,309.8
1,,,,,,,,,,,,,,907,382,810,390,915,489,808,488,905,576,813,552,876,567,827,566,878,706,834,699,897,839,838,823,836.6,309.6
1,,,,,,,,,,,,,,907,383,805,390,914,490,810,488,909,579,802,548,875,568,824,565,879,707,834,699,897,840,837,822,837.2,309
1,,,,,,,,,,,,,,911,389,802,387,926,489,813,489,925,575,795,555,878,569,828,561,882,703,835,696,897,838,836,823,840.6,310.8
1,,,,,,,,,,,,,,912,389,798,388,929,490,806,488,927,573,790,551,880,569,828,562,885,704,836,697,896,838,836,823,841.2,311.2
1,,,,,,,,,,,,,,912,392,797,390,925,491,798,487,931,570,784,535,885,563,827,564,886,705,836,698,896,837,837,823,841.4,312.6
1,,,,,,,,,,,,,,911,393,795,391,925,492,791,483,932,569,786,531,885,563,826,564,886,706,836,699,896,838,838,824,841.8,312.8
1,,,,,,,,,,,,,,912,392,793,389,925,493,790,481,936,570,787,526,885,563,825,562,886,706,835,699,896,838,836,824,842.2,311.6
1,,,,,,,,,,,,,,914,391,792,388,926,492,793,481,939,570,791,529,884,567,826,561,888,705,835,699,895,838,836,825,844.2,310.6
1,,,,,,,,,,,,,,914,391,789,389,927,490,794,482,940,567,807,543,884,567,825,561,889,704,836,700,896,838,836,827,845,311.6
1,,,,,,,,,,,,,,915,392,788,389,928,489,795,482,941,567,798,526,885,566,825,562,891,704,836,700,896,838,835,827,846,312
1,,,,,,,,,,,,,,916,391,789,389,925,488,799,481,941,567,808,543,886,565,826,561,892,703,837,699,896,838,837,826,848,311
1,,,,,,,,,,,,,,915,387,789,388,928,487,794,482,941,565,816,552,890,563,828,560,896,704,836,701,897,839,837,828,852.8,309.4
1,,,,,,,,,,,,,,915,387,787,389,927,487,803,480,941,565,817,553,890,562,828,560,895,705,836,702,897,839,838,829,853.4,309.4
1,,,,,,,,,,,,,,916,387,786,389,928,486,802,480,941,565,821,552,891,562,829,560,895,705,837,702,897,840,836,831,854.2,308.8
1,,,,,,,,,,,,,,918,386,788,389,928,486,802,484,941,566,818,553,893,562,830,561,896,706,837,703,897,839,838,830,854.8,310
1,,,,,,,,,,,,,,918,386,789,389,930,486,805,484,941,564,820,553,893,562,830,561,897,708,837,705,897,841,836,832,855.2,310
1,,,,,,,,,,,,,,918,386,792,388,930,486,808,482,941,561,827,550,894,561,830,561,898,707,837,704,897,841,836,831,856.2,310.8
1,,,,,,,,,,,,,,919,385,792,386,930,485,806,481,941,561,865,551,896,561,830,561,899,707,836,704,897,840,837,831,857.2,309.6
1,,,,,,,,,,,,,,925,385,798,386,939,489,811,481,947,572,827,553,903,567,834,563,904,709,836,707,896,839,840,832,862.6,308.4
1,,,,,,,,,,,,,,927,386,798,387,942,491,811,480,948,571,867,556,904,567,834,563,908,708,836,706,898,839,841,833,864.2,307.6
1,,,,,,,,,,,,,,927,386,800,387,942,490,813,481,948,569,868,554,905,566,834,563,907,708,839,706,897,839,841,832,865,308.2
1,,,,,,,,,,,,,,930,387,801,388,944,489,811,489,951,568,831,553,905,567,836,563,907,709,839,706,897,839,842,831,866.2,309
1,,,,,,,,,,,,,,933,386,802,389,945,489,816,490,951,569,831,553,906,568,837,564,907,710,839,708,898,839,842,832,869,308.8
1,,,,,,,,,,,,,,935,387,804,388,947,489,816,487,955,568,867,559,908,568,838,565,896,710,840,709,897,839,843,831,870.6,309.8
1,,,,,,,,,,,,,,935,387,804,388,947,489,816,487,955,568,867,559,908,568,838,565,896,710,840,709,897,839,843,831,870.6,309.8
1,,,,,,,,,,,,,,938,388,806,388,948,488,818,487,958,567,870,557,909,568,838,564,908,711,840,709,897,840,841,831,873.2,311
1,,,,,,,,,,,,,,939,390,810,390,951,489,823,484,959,567,832,550,910,568,840,562,895,709,840,708,898,840,841,829,874.6,311.4
1,,,,,,,,,,,,,,942,390,811,392,954,490,826,486,960,567,834,551,912,569,844,565,897,710,840,708,897,840,840,828,876.2,312.2
1,,,,,,,,,,,,,,943,392,812,391,955,492,827,486,961,570,869,558,912,571,840,563,898,710,841,708,897,839,840,829,878.4,312.2
1,,,,,,,,,,,,,,946,396,815,394,958,494,826,490,960,574,823,557,918,567,847,567,900,710,842,709,899,838,840,828,880.2,315
1,,,,,,,,,,,,,,947,395,816,394,959,492,826,488,963,571,848,557,919,567,848,568,901,711,842,708,899,838,840,828,881.6,315.2
1,,,,,,,,,,,,,,949,394,816,392,963,491,828,484,970,570,853,555,921,567,849,568,903,711,842,707,899,838,840,826,882.8,315
1,,,,,,,,,,,,,,949,394,817,392,961,491,827,488,968,574,826,557,921,569,851,566,902,712,842,707,900,838,838,824,883.2,313.4
1,,,,,,,,,,,,,,949,395,818,393,961,492,828,488,968,575,826,559,920,570,850,567,901,712,842,707,900,838,838,824,882.8,312
1,,,,,,,,,,,,,,952,397,818,394,962,494,829,490,970,577,827,562,923,572,852,570,905,713,842,709,902,836,839,824,884.2,310.2
1,,,,,,,,,,,,,,959,396,825,390,958,492,830,489,976,581,825,575,929,572,859,570,914,713,840,708,904,834,838,823,893.8,308.4
1,,,,,,,,,,,,,,961,397,827,390,959,492,830,491,978,581,823,576,932,573,862,571,918,714,842,707,905,832,839,822,897,307.8
1,,,,,,,,,,,,,,962,397,830,390,958,492,831,493,979,579,822,577,935,569,866,569,924,713,849,707,906,831,837,821,900,311.2
1,,,,,,,,,,,,,,962,397,833,390,963,491,832,494,981,577,824,579,937,567,868,568,925,711,859,704,905,831,835,820,903.2,312.6
1,,,,,,,,,,,,,,965,397,835,389,968,491,833,493,985,576,824,578,940,567,872,569,928,709,867,704,901,833,840,820,905.4,314.8
1,,,,,,,,,,,,,,965,397,835,389,968,492,833,492,985,576,826,575,941,568,873,570,929,711,870,709,893,832,832,821,906.4,316.4
1,,,,,,,,,,,,,,964,396,839,388,963,492,835,493,986,575,832,576,943,567,878,568,928,715,868,714,891,833,831,822,908.2,314.4
1,,,,,,,,,,,,,,964,396,841,388,961,493,837,493,985,574,837,575,944,566,882,566,932,715,869,714,900,835,823,822,908,313.2
1,,,,,,,,,,,,,,965,393,841,383,962,491,838,492,986,573,837,577,943,570,886,565,935,712,876,711,905,833,822,822,915.6,310.2
1,,,,,,,,,,,,,,964,388,843,381,963,489,841,487,986,571,843,571,945,564,888,561,937,710,890,710,900,828,828,823,920.2,308.8
1,,,,,,,,,,,,,,965,385,847,379,962,485,841,486,985,569,842,561,946,560,891,558,936,708,894,706,896,827,833,821,922.6,307.6
1,,,,,,,,,,,,,,966,383,850,376,967,484,841,481,987,569,851,560,945,561,890,557,933,708,898,705,895,832,840,829,925.8,304.4
1,,,,,,,,,,,,,,965,385,856,378,966,481,835,481,987,566,877,559,943,560,890,556,930,707,896,705,895,836,858,834,928.4,306.8
1,,,,,,,,,,,,,,966,386,859,380,968,481,843,474,987,565,883,555,945,558,892,556,931,703,902,701,892,833,867,835,930.8,306.4
1,,,,,,,,,,,,,,966,385,860,379,969,481,845,475,985,570,883,557,948,556,894,555,932,703,904,704,896,836,886,841,932.4,307.2
1,,,,,,,,,,,,,,966,384,866,380,971,477,851,471,986,573,859,367,949,555,896,555,936,699,908,702,903,830,894,843,934.6,306.8
1,,,,,,,,,,,,,,971,383,866,372,977,472,860,461,989,561,863,360,951,553,895,553,934,703,910,705,907,832,913,845,938.4,304.6
1,,,,,,,,,,,,,,971,383,866,372,979,474,862,466,992,572,860,368,949,555,894,553,929,702,910,701,911,834,932,846,939.6,305
1,,,,,,,,,,,,,,973,386,865,377,977,481,865,475,989,575,891,555,948,557,892,555,921,702,915,702,903,831,945,845,941.2,308.4
1,,,,,,,,,,,,,,975,387,866,376,978,483,868,474,989,575,893,555,946,560,889,557,920,705,926,703,906,839,959,841,943,308.2
1,,,,,,,,,,,,,,982,386,866,377,985,488,874,488,992,574,890,565,948,563,890,559,923,706,938,706,906,834,980,845,948.2,307.8
1,,,,,,,,,,,,,,986,384,871,379,988,487,882,493,993,575,888,575,952,567,892,564,921,705,944,707,903,834,985,846,952,305.2
1,,,,,,,,,,,,,,988,385,875,380,989,487,884,493,992,576,888,575,964,569,896,566,925,705,946,708,902,833,986,846,954,304.4
1,,,,,,,,,,,,,,990,386,875,380,991,488,879,492,995,574,892,571,965,563,899,565,924,706,948,710,901,832,990,847,956.6,306.4
1,,,,,,,,,,,,,,1001,380,886,383,1007,482,891,493,1012,577,916,577,976,564,914,564,929,709,955,715,907,831,993,850,963.2,300.4
1,,,,,,,,,,,,,,1002,378,892,379,1008,481,896,493,1013,575,911,581,979,567,918,562,935,707,958,714,918,836,993,851,967,299.4
1,,,,,,,,,,,,,,1006,378,893,381,993,484,896,496,1016,573,915,579,988,565,920,565,939,711,966,709,919,835,999,852,967.8,298
1,,,,,,,,,,,,,,1011,378,896,384,1006,484,900,498,1028,571,942,574,992,563,925,564,940,709,971,704,914,833,997,852,969.6,296.4
1,,,,,,,,,,,,,,1014,378,898,380,1013,481,900,494,1033,566,946,572,995,566,931,561,943,704,967,708,916,834,995,852,971.8,297
1,,,,,,,,,,,,,,1015,377,901,379,1019,477,904,490,1035,566,954,573,998,564,939,562,942,699,971,704,913,834,991,851,973.4,296.8
1,,,,,,,,,,,,,,1022,375,909,379,1025,477,916,484,1044,565,967,570,1011,559,947,560,960,694,974,704,919,829,993,851,980.4,295.4
1,,,,,,,,,,,,,,1023,374,909,379,1030,478,922,486,1059,573,970,576,1016,562,951,563,963,699,974,709,916,826,989,851,980.4,293.2
1,,,,,,,,,,,,,,1023,375,911,383,1040,480,925,495,1061,574,958,581,1022,565,958,567,966,705,982,710,911,824,990,854,980.6,292.6
1,,,,,,,,,,,,,,1024,375,913,385,1044,480,928,499,1062,568,962,579,1025,568,962,569,976,705,982,708,912,823,993,853,982,293.2
1,,,,,,,,,,,,,,1025,375,916,385,1051,480,932,500,1069,564,959,580,1028,568,969,567,991,698,989,708,924,819,990,853,982.4,293.2
1,,,,,,,,,,,,,,1028,374,916,385,1055,479,936,495,1073,564,958,580,1029,563,969,568,1011,696,989,705,939,812,992,854,983.6,296.2
1,,,,,,,,,,,,,,1032,371,918,384,1060,478,944,492,1077,562,1002,562,1030,560,970,564,1018,697,989,708,943,813,991,852,984.2,296
1,,,,,,,,,,,,,,1036,368,921,382,1061,475,948,487,1080,561,1008,563,1033,557,975,562,1023,692,993,706,954,803,997,851,985.4,294.2
1,,,,,,,,,,,,,,1038,368,923,380,1052,475,950,489,1084,561,1009,564,1042,557,980,563,1046,699,987,710,987,812,982,850,988.8,293.8
1,,,,,,,,,,,,,,1042,368,925,380,1055,473,950,486,1085,559,1008,564,1046,556,981,564,1048,703,989,716,1004,813,977,848,992,295.2
1,,,,,,,,,,,,,,1050,368,928,382,1062,472,950,489,1088,557,954,576,1049,559,984,566,1052,706,988,715,1016,824,983,856,994.8,295.6
1,,,,,,,,,,,,,,1051,370,932,381,1063,474,950,490,1090,557,956,577,1051,560,986,565,1053,706,991,719,1038,830,987,855,997.6,293.6
1,,,,,,,,,,,,,,1056,371,936,380,1063,474,949,488,1089,560,953,575,1052,560,987,565,1053,702,986,716,1047,830,991,856,1000.6,292.4
1,,,,,,,,,,,,,,1060,371,939,379,1068,478,949,489,1088,567,951,573,1054,563,988,567,1062,707,993,715,1066,841,996,862,1002.2,292.2
1,,,,,,,,,,,,,,1065,372,942,379,1070,482,950,490,1088,568,948,571,1056,565,988,567,1071,709,994,716,1084,844,995,861,1007,292.2
1,,,,,,,,,,,,,,1081,374,958,379,1096,485,959,491,1101,580,958,576,1073,568,1004,572,1093,709,996,722,1106,851,989,855,1024,293.2
1,,,,,,,,,,,,,,1086,377,960,377,1093,484,948,492,1107,577,963,576,1075,568,1007,570,1096,710,996,722,1107,852,990,856,1028.6,293.4
1,,,,,,,,,,,,,,1093,380,962,378,1103,486,954,493,1115,578,964,574,1078,570,1007,572,1098,710,991,717,1108,852,991,855,1032.4,294
1,,,,,,,,,,,,,,1100,378,969,379,1113,486,970,493,1117,575,971,576,1081,569,1010,571,1099,710,994,716,1107,852,992,855,1037.6,294
1,,,,,,,,,,,,,,1109,377,974,382,1116,486,983,494,1123,572,980,576,1086,569,1015,570,1103,710,1000,716,1109,853,993,853,1041,293.4
1,,,,,,,,,,,,,,1111,376,975,382,1124,486,992,497,1129,568,997,574,1091,568,1019,572,1105,710,1006,716,1107,857,993,854,1044.6,294.2
1,,,,,,,,,,,,,,1113,375,980,381,1131,483,995,492,1137,564,993,572,1094,568,1021,571,1107,712,1009,717,1110,855,995,854,1050.6,293.6
1,,,,,,,,,,,,,,1136,375,997,376,1154,487,1016,487,1168,563,1027,555,1111,571,1036,565,1110,715,1021,711,1110,854,998,850,1069.8,289.2
1,,,,,,,,,,,,,,1138,376,1000,376,1160,487,1014,488,1178,567,1014,558,1113,567,1039,565,1114,718,1025,713,1109,858,999,853,1074.2,287.8
1,,,,,,,,,,,,,,1143,378,1004,378,1167,489,1013,490,1181,565,1015,561,1114,570,1042,566,1116,719,1027,714,1111,858,999,852,1079,291
1,,,,,,,,,,,,,,1147,379,1009,375,1170,489,1016,485,1186,565,1020,557,1116,567,1039,565,1118,719,1027,715,1111,857,999,851,1081.6,289
1,,,,,,,,,,,,,,1151,378,1012,374,1170,487,1015,481,1191,564,1054,412,1119,564,1042,563,1120,717,1027,713,1109,857,998,852,1084.2,289.4
1,,,,,,,,,,,,,,1156,379,1016,372,1175,486,1017,477,1195,562,1043,409,1119,570,1043,563,1122,716,1029,711,1112,856,1000,851,1088,290.8
1,,,,,,,,,,,,,,1159,380,1019,372,1180,486,1014,476,1204,562,1045,404,1120,570,1045,562,1122,717,1029,711,1112,857,1001,850,1090.6,291.2
1,,,,,,,,,,,,,,1166,377,1027,369,1188,488,1015,475,1206,570,1049,403,1129,568,1053,559,1125,721,1040,714,1112,854,1004,851,1100.2,291
1,,,,,,,,,,,,,,1167,377,1028,369,1188,488,1019,474,1206,570,1052,394,1130,568,1055,559,1126,722,1041,715,1110,856,1005,850,1101.2,290.8
1,,,,,,,,,,,,,,1168,378,1028,369,1189,489,1020,472,1205,569,1053,394,1132,568,1056,559,1127,721,1043,715,1112,856,1009,851,1102.4,289.6
1,,,,,,,,,,,,,,1170,379,1027,370,1188,489,1022,474,1203,567,1054,399,1133,568,1056,560,1127,721,1045,714,1115,854,1012,852,1103.6,289.4
1,,,,,,,,,,,,,,1171,379,1028,369,1188,490,1022,473,1200,567,1056,395,1133,568,1056,561,1126,722,1046,714,1112,855,1014,852,1105.2,289
1,,,,,,,,,,,,,,1171,379,1028,370,1186,490,1023,474,1197,568,1057,392,1136,565,1057,562,1126,723,1046,716,1115,853,1017,853,1105.2,289
1,,,,,,,,,,,,,,1171,380,1029,370,1184,491,1023,473,1195,570,1056,394,1136,565,1057,562,1125,724,1047,717,1115,855,1016,855,1105.2,288.8
1,,,,,,,,,,,,,,1170,379,1028,369,1178,494,1017,477,1187,575,1048,397,1132,566,1054,563,1118,717,1041,718,1109,856,1016,851,1101.6,290
1,,,,,,,,,,,,,,1169,379,1027,371,1175,495,1017,479,1183,577,1048,404,1130,565,1052,563,1117,716,1036,716,1109,856,1010,851,1100,290.6
1,,,,,,,,,,,,,,1168,378,1025,370,1172,495,1014,477,1180,578,1047,389,1128,567,1049,562,1115,718,1030,716,1113,854,1010,849,1098.2,292.2
1,,,,,,,,,,,,,,1167,377,1024,368,1171,493,1014,468,1180,579,1047,385,1128,565,1047,563,1113,716,1025,713,1109,856,1009,849,1095.6,291
1,,,,,,,,,,,,,,1166,381,1023,370,1169,493,1013,468,1181,577,1046,379,1125,567,1046,565,1115,717,1021,713,1112,857,1011,848,1092.4,293.4
1,,,,,,,,,,,,,,1156,381,1016,376,1165,493,998,478,1175,570,1029,406,1114,574,1043,568,1110,719,1015,715,1113,859,1010,849,1076.4,293.4
1,,,,,,,,,,,,,,1151,379,1016,378,1170,489,997,475,1173,572,1016,398,1111,572,1043,568,1108,718,1016,714,1113,860,1010,848,1072.6,293.6
1,,,,,,,,,,,,,,1147,378,1013,377,1165,488,988,475,1169,575,1013,400,1107,572,1040,569,1106,719,1013,714,1113,861,1010,850,1068.6,293.8
1,,,,,,,,,,,,,,1141,376,1012,375,1161,486,985,466,1166,575,1014,391,1108,570,1038,568,1112,719,1020,714,1114,861,1007,849,1063.2,294
1,,,,,,,,,,,,,,1138,377,1005,376,1155,486,978,468,1161,573,1003,394,1104,571,1031,569,1110,717,1018,714,1113,859,1007,850,1059,293.2
1,,,,,,,,,,,,,,1120,375,992,369,1133,485,969,471,1135,574,977,403,1082,571,1016,569,1105,716,1013,712,1110,859,1003,849,1040.2,292.4
1,,,,,,,,,,,,,,1116,375,991,367,1121,486,956,465,1130,579,965,372,1078,572,1015,569,1103,718,1010,712,1115,855,1004,849,1037.6,294.2
1,,,,,,,,,,,,,,1113,374,991,370,1115,484,960,462,1123,579,963,365,1077,568,1009,569,1100,718,1006,713,1115,854,1004,849,1035.8,292.8
1,,,,,,,,,,,,,,1110,372,989,375,1108,484,960,474,1117,575,951,396,1074,567,1007,568,1095,714,1006,712,1115,855,1005,850,1028.6,292.8
1,,,,,,,,,,,,,,1108,374,991,374,1105,486,965,469,1108,573,952,394,1071,568,1007,569,1092,714,1005,712,1112,857,1005,850,1024.8,292.6
1,,,,,,,,,,,,,,1102,375,987,371,1097,486,963,460,1099,574,943,386,1065,568,1001,568,1083,713,1006,710,1117,852,1007,850,1018.8,294.2
1,,,,,,,,,,,,,,1097,376,990,375,1088,486,961,463,1092,572,941,396,1060,569,1002,565,1076,714,1005,713,1111,856,1006,850,1018,292.4
1,,,,,,,,,,,,,,1077,372,983,366,1061,490,960,464,1051,584,929,394,1048,568,995,565,1055,710,1002,702,1105,852,1013,847,1004,295.8
1,,,,,,,,,,,,,,1071,368,985,368,1057,487,961,473,1043,582,972,558,1041,569,990,564,1040,708,1004,702,1094,849,1029,844,999,294.8
1,,,,,,,,,,,,,,1068,368,980,370,1056,485,962,470,1042,579,987,554,1039,569,987,565,1050,708,999,701,1105,846,1015,849,993.6,294.6
1,,,,,,,,,,,,,,1064,367,984,371,1050,485,962,467,1035,580,931,400,1033,566,984,562,1034,706,996,701,1101,839,1022,844,992.6,295.4
1,,,,,,,,,,,,,,1062,365,982,370,1049,481,958,461,1030,574,927,391,1038,563,989,556,1025,705,991,701,1097,835,1019,845,989.8,294.6
1,,,,,,,,,,,,,,1057,365,984,370,1051,472,964,454,1019,563,927,393,1034,566,989,561,1013,708,989,703,1088,834,1021,845,987,294.2
1,,,,,,,,,,,,,,1050,365,987,366,1043,474,976,450,1010,570,927,391,1036,566,1000,562,1006,714,991,707,1074,839,1027,841,984.6,295.4
1,,,,,,,,,,,,,,1030,362,989,362,1005,473,959,450,985,581,962,557,1028,564,998,562,990,714,985,701,1017,856,1016,838,973.6,295.8
1,,,,,,,,,,,,,,1017,362,1001,365,994,468,967,452,975,580,964,559,1020,563,1007,562,982,708,988,695,1007,859,1013,839,969.2,296.6
1,,,,,,,,,,,,,,1009,360,1005,363,978,471,971,463,972,580,967,567,1008,566,1006,564,976,710,990,699,994,859,1010,839,965.8,295
1,,,,,,,,,,,,,,1008,362,997,363,975,475,960,467,962,568,959,554,1007,568,999,566,970,714,990,707,977,857,1004,841,963.8,294.6
1,,,,,,,,,,,,,,1014,363,984,363,984,481,955,461,967,579,915,382,1008,565,996,563,960,718,999,713,954,865,1016,851,961,295
1,,,,,,,,,,,,,,1015,365,962,363,999,489,946,454,969,583,908,381,1007,562,989,559,953,716,1010,711,942,865,1017,852,957.8,295.4
1,,,,,,,,,,,,,,1008,364,967,359,993,490,944,453,968,588,905,387,1004,566,987,563,950,715,1004,710,930,869,1014,851,954.2,296.4
1,,,,,,,,,,,,,,1004,365,964,361,988,492,944,456,975,587,899,401,998,566,983,566,943,718,999,713,906,871,1018,855,951.2,297.2
1,,,,,,,,,,,,,,992,370,947,367,984,491,933,473,973,585,934,567,982,571,958,572,931,725,988,716,889,873,1015,849,934.2,298.8
1,,,,,,,,,,,,,,981,373,955,371,963,495,940,468,951,590,936,573,970,578,962,577,925,729,986,716,885,874,1016,848,931.2,300.2
1,,,,,,,,,,,,,,981,373,955,371,963,495,940,468,951,590,936,573,970,578,962,577,925,729,986,716,885,874,1016,848,931.2,300.2
1,,,,,,,,,,,,,,965,373,965,370,954,490,946,464,943,587,938,571,954,579,960,578,918,729,985,716,878,875,1018,845,928.2,298.2
1,,,,,,,,,,,,,,940,366,954,363,928,475,931,456,917,590,918,572,930,567,939,565,899,716,961,707,879,868,1010,836,909.2,293.4
1,,,,,,,,,,,,,,922,366,964,366,914,476,948,460,911,587,917,571,921,567,938,565,898,717,949,710,882,869,1006,837,903.6,290.2
1,,,,,,,,,,,,,,939,366,930,364,927,488,900,458,911,589,895,565,929,571,917,570,897,717,937,711,884,867,1003,835,900,288.4
1,,,,,,,,,,,,,,945,366,913,362,926,486,886,449,905,588,881,563,928,571,906,570,896,721,925,708,886,869,1000,833,896.2,290.8
1,,,,,,,,,,,,,,941,366,907,360,922,486,888,453,890,586,873,564,921,572,894,570,887,715,921,709,885,868,993,826,894.2,290.6
1,,,,,,,,,,,,,,945,364,890,359,922,481,873,456,891,588,859,567,926,565,892,566,884,718,911,704,883,869,989,826,890,288.8
1,,,,,,,,,,,,,,940,367,889,362,929,488,876,460,891,585,855,563,922,564,886,566,881,718,901,702,885,871,976,822,882,291
1,,,,,,,,,,,,,,932,369,895,363,912,491,869,465,877,589,848,563,914,572,879,573,872,718,890,705,885,873,968,818,880,289.8
1,,,,,,,,,,,,,,924,368,895,360,898,489,868,457,866,587,843,561,909,574,874,574,870,722,883,704,892,876,962,812,875.8,288.6
1,,,,,,,,,,,,,,907,366,882,361,882,482,863,464,833,565,823,548,889,569,870,569,860,719,867,700,893,867,900,823,862,289.6
1,,,,,,,,,,,,,,920,366,857,360,900,484,839,476,847,570,809,556,896,567,852,563,871,719,837,698,899,865,880,827,854.6,289.6
1,,,,,,,,,,,,,,918,366,851,359,897,484,835,474,846,565,808,552,896,564,847,564,874,717,830,701,893,869,851,837,850.8,287.6
1,,,,,,,,,,,,,,916,364,842,359,901,485,831,473,847,563,803,552,894,564,842,565,875,714,823,696,892,866,844,835,846,286
1,,,,,,,,,,,,,,914,364,837,360,897,476,830,471,848,563,802,552,888,570,841,563,875,714,820,699,898,863,820,840,842,286.8
1,,,,,,,,,,,,,,908,364,834,362,894,483,828,471,845,564,800,552,883,568,838,566,874,717,816,705,895,869,811,843,838.8,288.8
1,,,,,,,,,,,,,,905,366,834,360,887,474,824,465,844,563,800,550,881,571,835,564,872,715,812,705,896,870,809,844,836,289
1,,,,,,,,,,,,,,893,369,808,368,886,490,807,478,865,585,788,564,864,571,811,566,865,713,803,711,890,862,797,845,826.4,288.8
1,,,,,,,,,,,,,,890,372,803,364,886,493,807,481,868,590,791,562,858,576,808,569,859,713,801,713,890,864,797,847,823.8,290.8
1,,,,,,,,,,,,,,890,372,803,369,887,493,800,477,868,590,784,552,857,573,807,566,868,719,802,713,886,866,798,850,819.2,292.6
1,,,,,,,,,,,,,,885,372,798,370,887,491,790,475,866,588,782,550,852,575,803,570,864,719,800,714,888,867,798,849,815,296.2
1,,,,,,,,,,,,,,883,374,788,371,889,493,779,473,874,582,775,546,850,577,798,570,860,721,799,714,889,867,801,848,811,297
1,,,,,,,,,,,,,,881,375,784,372,891,491,781,470,882,576,745,441,846,576,796,568,857,722,799,714,890,867,801,849,808.4,297.8
1,,,,,,,,,,,,,,880,376,781,375,890,490,778,475,882,574,765,546,846,576,796,569,857,720,800,712,889,866,800,849,808,298.8
1,,,,,,,,,,,,,,868,378,771,383,886,491,767,482,888,575,749,551,844,571,789,568,851,716,796,711,889,859,803,848,794,306
1,,,,,,,,,,,,,,865,376,771,383,885,489,771,489,885,570,747,546,843,570,785,571,849,714,795,709,886,859,802,848,789.8,304.4
1,,,,,,,,,,,,,,865,378,758,381,884,489,756,487,885,568,741,543,839,568,783,567,847,714,792,710,882,858,801,848,789.4,302
1,,,,,,,,,,,,,,864,380,752,379,880,489,753,486,883,569,748,542,838,569,777,564,844,712,789,709,880,859,801,849,789,301
1,,,,,,,,,,,,,,861,380,746,380,877,488,755,489,877,571,745,547,835,566,775,564,842,712,786,709,877,860,799,848,785.4,300.4
1,,,,,,,,,,,,,,859,380,738,384,872,486,750,487,879,567,744,542,832,564,772,562,841,711,783,709,874,859,797,848,787.2,300.4
1,,,,,,,,,,,,,,859,380,735,383,868,486,746,486,876,565,744,541,832,565,771,564,839,713,781,711,872,856,797,848,787.4,302
1,,,,,,,,,,,,,,858,380,727,384,872,486,728,487,881,569,738,546,836,566,768,568,840,713,779,714,865,860,786,843,783.6,301
1,,,,,,,,,,,,,,858,380,727,384,872,486,728,487,881,569,738,546,836,566,768,568,840,713,779,714,865,860,786,843,783.6,301
1,,,,,,,,,,,,,,858,379,725,384,876,483,723,484,882,563,740,544,838,567,767,567,843,717,780,714,866,858,785,845,782.8,301.4
1,,,,,,,,,,,,,,854,378,721,385,875,482,731,483,883,564,741,551,841,562,770,564,853,711,775,712,872,853,787,850,780.6,301.8
1,,,,,,,,,,,,,,854,378,720,385,876,482,722,485,883,562,749,557,842,562,771,564,857,709,775,711,874,850,786,848,780.8,302.2
1,,,,,,,,,,,,,,853,378,717,384,875,481,722,483,882,561,748,557,842,561,771,565,860,706,774,707,868,846,787,843,780,301.4
1,,,,,,,,,,,,,,853,377,719,384,874,480,721,482,881,561,747,558,842,561,771,565,860,709,776,710,869,846,788,844,780.8,301.2
1,,,,,,,,,,,,,,852,376,720,382,866,479,721,481,880,559,751,555,841,558,771,563,860,710,777,711,870,843,788,842,780.2,300.4
1,,,,,,,,,,,,,,852,376,720,383,872,483,722,482,880,557,749,554,842,558,772,562,862,708,779,710,871,841,789,840,779.6,300.6
1,,,,,,,,,,,,,,852,376,720,383,867,479,724,482,881,558,750,553,842,559,772,562,864,707,780,710,879,841,792,839,779.4,300
1,,,,,,,,,,,,,,852,376,721,380,869,478,719,479,881,559,753,549,843,557,772,561,866,705,783,707,880,837,793,838,779.6,299.4
1,,,,,,,,,,,,,,859,376,725,376,884,474,722,475,898,558,733,392,853,558,783,564,874,701,794,712,906,834,797,840,786.2,297.8
1,,,,,,,,,,,,,,863,378,732,377,890,477,723,472,900,558,725,376,859,560,788,565,881,702,796,714,903,830,797,841,792.4,295.8
1,,,,,,,,,,,,,,867,380,739,379,890,478,717,469,906,560,718,375,863,562,792,566,886,704,794,714,911,829,797,840,796.8,296.2
1,,,,,,,,,,,,,,869,380,742,380,891,478,714,468,907,559,718,370,870,561,794,567,892,705,794,715,919,830,797,841,799.2,297.6
1,,,,,,,,,,,,,,868,381,745,381,891,478,718,466,911,563,716,360,873,564,797,569,897,708,795,716,921,830,797,840,801.4,297.4
1,,,,,,,,,,,,,,872,382,745,374,892,479,717,466,915,563,717,366,877,566,803,571,901,708,797,716,924,832,796,841,807.4,297.6
1,,,,,,,,,,,,,,875,379,751,372,892,477,728,467,917,560,717,369,880,563,806,569,904,707,799,715,926,835,796,842,814,295.8
1,,,,,,,,,,,,,,895,382,769,386,907,483,753,477,928,565,728,382,889,567,820,574,902,709,816,714,928,840,795,841,835.2,297.6
1,,,,,,,,,,,,,,900,384,774,381,916,481,752,478,937,559,739,385,894,568,826,576,905,713,808,721,927,842,795,842,843,297.4
1,,,,,,,,,,,,,,906,381,781,382,921,482,774,483,938,563,751,424,897,568,827,574,906,710,810,718,926,840,796,841,848.6,296
1,,,,,,,,,,,,,,914,383,792,386,927,485,780,483,942,560,756,401,905,570,832,576,909,712,818,719,925,842,797,841,854.4,297
1,,,,,,,,,,,,,,918,383,796,385,922,483,784,479,943,560,764,397,909,569,835,576,914,713,825,720,928,843,802,841,860.2,296
1,,,,,,,,,,,,,,924,383,804,386,930,483,790,479,950,562,765,385,913,565,841,572,918,713,831,717,928,841,803,840,866.8,297.6
1,,,,,,,,,,,,,,932,381,807,381,940,484,802,478,959,566,766,388,918,570,848,575,923,714,834,719,929,841,803,841,874.8,295.4
1,,,,,,,,,,,,,,942,384,811,383,951,487,814,482,965,571,822,526,925,570,854,573,926,717,840,717,927,839,805,840,882,298.4
1,,,,,,,,,,,,,,972,382,836,385,981,485,834,487,996,571,826,573,946,566,874,571,938,713,856,720,930,843,810,841,910.6,299.8
1,,,,,,,,,,,,,,974,382,840,383,983,484,838,489,998,568,829,579,951,568,877,570,934,716,861,718,931,844,813,841,915.8,299.6
1,,,,,,,,,,,,,,978,382,846,384,988,484,837,483,1000,571,838,569,958,567,885,568,940,713,866,716,932,844,814,842,922.6,299.6
1,,,,,,,,,,,,,,982,380,853,382,991,482,841,477,1005,565,878,555,963,563,890,567,942,713,868,717,932,844,812,843,926,297.2
1,,,,,,,,,,,,,,983,383,861,382,986,480,842,475,1011,561,831,385,965,566,894,568,944,713,874,716,932,845,812,844,931,297.6
1,,,,,,,,,,,,,,986,383,865,375,990,477,839,470,1018,560,844,376,966,568,894,566,947,711,877,715,934,844,823,843,936.6,298.8
1,,,,,,,,,,,,,,990,384,868,377,992,479,850,473,1020,561,848,379,968,565,899,563,951,708,889,710,935,843,833,840,939,300.4
1,,,,,,,,,,,,,,992,380,865,377,999,480,865,484,1017,561,931,557,968,562,900,558,952,706,893,709,937,842,838,843,940,300
1,,,,,,,,,,,,,,992,382,869,377,998,482,869,480,1022,560,935,555,968,558,907,555,955,704,904,707,932,838,851,843,943.2,302.2
1,,,,,,,,,,,,,,1000,378,878,377,1007,480,859,475,1027,566,878,451,971,560,913,559,961,700,925,707,929,821,926,847,954.4,298.2
1,,,,,,,,,,,,,,1000,378,878,377,1007,480,859,475,1027,566,878,451,971,560,913,559,961,700,925,707,929,821,926,847,954.4,298.2
1,,,,,,,,,,,,,,999,379,882,375,1006,478,863,470,1027,557,885,385,973,558,915,556,958,696,928,703,934,820,933,843,956.8,298.8
1,,,,,,,,,,,,,,1002,380,880,378,1009,480,867,475,1026,561,888,405,973,560,914,559,957,694,931,703,929,819,945,846,959.4,299
1,,,,,,,,,,,,,,1005,380,883,380,1006,478,878,483,1021,561,892,557,976,565,916,564,957,699,937,707,929,827,952,846,962.8,299
1,,,,,,,,,,,,,,1005,381,889,378,1010,478,873,480,1025,556,913,548,976,565,916,563,952,705,944,711,928,832,962,848,965.6,299.4
1,,,,,,,,,,,,,,1006,382,889,379,1012,483,890,487,1024,562,926,573,979,567,918,566,950,703,951,710,929,836,975,853,966.6,300.2
1,,,,,,,,,,,,,,1011,379,896,378,1017,481,899,487,1026,573,941,572,993,567,931,564,963,698,950,707,930,828,971,845,970,298.6
1,,,,,,,,,,,,,,1013,377,898,378,1016,479,902,487,1028,570,942,572,994,564,935,562,965,696,952,705,932,828,972,846,971.2,297.6
1,,,,,,,,,,,,,,1016,375,902,378,1024,479,909,485,1032,569,945,571,996,563,940,561,964,696,957,705,931,828,974,846,973,297
1,,,,,,,,,,,,,,1017,373,904,376,1027,478,921,487,1033,566,950,570,999,561,942,560,965,695,962,703,932,827,974,844,974.4,296.4
1,,,,,,,,,,,,,,1018,373,906,377,1029,478,921,487,1034,567,948,572,1001,560,944,558,967,695,962,703,931,825,973,845,975.8,297
1,,,,,,,,,,,,,,1019,374,911,377,1020,478,927,487,1038,567,966,571,1002,558,948,558,969,694,963,701,931,826,972,843,980,297.2
1,,,,,,,,,,,,,,1022,373,913,378,1025,479,929,486,1040,568,966,573,1007,556,951,556,973,694,962,701,931,824,972,845,980.4,296.6
1,,,,,,,,,,,,,,1024,374,915,377,1028,480,935,489,1043,567,967,572,1014,558,955,558,978,695,964,706,932,816,971,846,982,296
1,,,,,,,,,,,,,,1032,374,918,381,1054,479,948,491,1060,574,959,585,1028,560,966,563,1022,699,976,710,969,804,971,851,989.4,295.6
1,,,,,,,,,,,,,,1033,375,920,382,1054,478,946,494,1060,571,987,583,1030,562,966,567,1034,702,977,716,981,800,973,854,991.6,296.8
1,,,,,,,,,,,,,,1036,376,922,381,1057,479,948,494,1062,572,989,583,1032,561,970,566,1046,706,982,721,987,814,976,858,993.2,297.8
1,,,,,,,,,,,,,,1039,375,925,380,1057,478,952,495,1065,574,955,588,1038,563,977,566,1046,704,985,727,1004,813,977,855,993.8,296.6
1,,,,,,,,,,,,,,1041,373,924,380,1059,479,953,498,1068,574,958,590,1042,566,981,571,1054,709,985,728,1006,823,979,859,995.4,295.4
1,,,,,,,,,,,,,,1044,372,928,378,1061,479,951,493,1072,575,952,586,1046,564,984,570,1053,707,985,722,1029,828,981,859,999.4,293.8
1,,,,,,,,,,,,,,1061,376,947,380,1062,482,956,492,1088,571,956,577,1058,564,991,570,1072,712,992,718,1083,840,978,862,1013.4,294
1,,,,,,,,,,,,,,1067,380,951,381,1070,484,956,492,1089,574,950,578,1060,565,993,571,1080,713,993,720,1099,844,977,862,1017.4,295.6
1,,,,,,,,,,,,,,1073,381,955,381,1079,486,956,493,1094,579,949,578,1063,566,998,571,1075,712,996,719,1100,846,979,863,1021.6,295.6
1,,,,,,,,,,,,,,1081,380,960,381,1090,486,958,491,1100,577,950,575,1068,567,1004,571,1082,712,997,721,1101,845,979,863,1027,296.4
1,,,,,,,,,,,,,,1086,378,961,379,1086,485,948,493,1104,579,958,579,1073,569,1007,571,1089,713,990,717,1102,846,980,862,1029.2,296
1,,,,,,,,,,,,,,1089,379,966,380,1097,485,957,494,1116,577,969,578,1077,572,1012,575,1092,714,1001,717,1103,846,984,861,1035.6,295
1,,,,,,,,,,,,,,1093,381,973,380,1104,487,975,496,1117,578,978,579,1083,570,1016,573,1093,708,1009,719,1103,847,985,861,1041.6,294.6
1,,,,,,,,,,,,,,1101,379,977,379,1116,486,989,492,1121,576,987,579,1087,568,1020,571,1099,715,1013,716,1106,846,987,858,1042.8,294.4
1,,,,,,,,,,,,,,1107,377,981,382,1113,484,992,493,1126,569,1002,576,1090,567,1024,570,1101,716,1017,716,1106,847,986,857,1045.2,294.8
1,,,,,,,,,,,,,,1109,376,988,381,1122,483,1000,491,1131,564,1000,573,1094,566,1026,569,1104,711,1020,718,1107,847,986,856,1050.6,294.4
1,,,,,,,,,,,,,,1115,376,989,381,1131,482,1007,491,1138,564,999,574,1100,567,1033,570,1107,715,1023,715,1107,845,986,853,1057.8,295
1,,,,,,,,,,,,,,1119,376,992,380,1135,484,1010,492,1144,560,1009,574,1106,571,1038,569,1108,710,1025,715,1107,844,986,854,1062,295
1,,,,,,,,,,,,,,1127,379,998,380,1134,484,1013,492,1150,561,1056,559,1108,572,1041,567,1112,717,1027,718,1108,847,987,853,1067.8,293.4
1,,,,,,,,,,,,,,1133,379,1002,380,1140,487,1018,492,1153,563,1031,573,1110,568,1045,568,1112,711,1027,716,1109,848,986,854,1074,294
1,,,,,,,,,,,,,,1137,380,1005,378,1148,489,1020,491,1158,568,1036,578,1113,569,1047,569,1114,712,1025,720,1109,849,986,854,1077.4,294.2
1,,,,,,,,,,,,,,1141,380,1010,378,1155,489,1014,491,1176,566,1083,563,1113,572,1048,570,1113,713,1025,720,1109,850,987,855,1082.6,294.6
1,,,,,,,,,,,,,,1147,381,1016,375,1163,490,1021,487,1178,568,1054,558,1117,571,1051,569,1113,713,1026,717,1109,849,988,855,1085,293.2
1,,,,,,,,,,,,,,1157,383,1019,372,1171,488,1036,476,1191,563,1061,388,1122,567,1048,565,1115,719,1027,718,1110,850,996,853,1095.4,295.2
1,,,,,,,,,,,,,,1159,383,1022,369,1177,486,1029,468,1198,561,1060,389,1123,565,1048,563,1113,720,1028,717,1110,851,997,856,1098.8,294.4
1,,,,,,,,,,,,,,1162,383,1022,369,1182,488,1027,468,1204,567,1058,385,1124,566,1047,562,1111,713,1026,716,1111,850,1002,856,1099.6,293.8
1,,,,,,,,,,,,,,1165,383,1024,370,1186,487,1025,466,1204,567,1059,379,1125,565,1046,561,1115,719,1028,713,1111,849,1004,852,1102,294.2
1,,,,,,,,,,,,,,1166,384,1026,369,1187,487,1024,464,1205,568,1061,380,1126,566,1047,562,1117,719,1026,712,1112,849,1006,850,1104.8,294
1,,,,,,,,,,,,,,1170,384,1029,368,1188,488,1021,459,1207,568,1066,374,1125,567,1046,562,1116,720,1028,713,1111,849,1006,852,1107,295
1,,,,,,,,,,,,,,1169,386,1028,370,1188,490,1024,466,1206,572,1067,375,1126,570,1046,564,1115,721,1027,713,1111,849,1009,850,1109.6,296
1,,,,,,,,,,,,,,1172,387,1029,373,1188,491,1026,470,1205,574,1060,383,1125,570,1046,563,1112,714,1030,715,1110,849,1012,850,1110.8,296
1,,,,,,,,,,,,,,1173,389,1030,372,1187,494,1018,472,1202,576,1056,384,1126,570,1046,563,1112,715,1031,714,1109,849,1019,849,1111.6,296
1,,,,,,,,,,,,,,1174,391,1030,369,1189,494,1014,463,1199,576,1055,375,1127,570,1045,563,1113,716,1030,714,1111,849,1020,849,1112.6,294.6
1,,,,,,,,,,,,,,1174,390,1033,367,1187,491,1013,454,1196,577,1054,357,1123,569,1045,562,1114,722,1031,714,1111,847,1020,846,1113.6,293.8
1,,,,,,,,,,,,,,1175,389,1034,366,1185,493,1008,458,1192,576,1055,366,1121,568,1044,560,1114,721,1030,712,1111,846,1020,843,1112.6,293.8
1,,,,,,,,,,,,,,1176,392,1037,369,1186,495,997,462,1188,575,1041,372,1120,570,1043,561,1115,721,1028,713,1111,847,1020,845,1113.6,294.8
1,,,,,,,,,,,,,,1176,393,1036,371,1181,496,1003,472,1185,576,1021,386,1119,572,1042,563,1112,715,1026,714,1110,847,1017,845,1112.2,294.4
1,,,,,,,,,,,,,,1175,392,1037,371,1174,492,1004,470,1179,572,1012,377,1119,571,1042,564,1112,715,1025,713,1110,846,1011,844,1111.2,294.2
1,,,,,,,,,,,,,,1173,392,1037,373,1172,494,1006,471,1178,572,1007,376,1119,573,1042,566,1110,715,1023,713,1111,846,1010,842,1107.6,293.6
1,,,,,,,,,,,,,,1171,392,1034,372,1170,494,984,465,1177,575,991,377,1118,574,1040,569,1108,715,1018,713,1111,846,1005,841,1104.8,293.8
1,,,,,,,,,,,,,,1169,387,1030,371,1165,496,983,456,1171,580,980,376,1115,572,1038,567,1106,715,1018,712,1112,846,1003,839,1104.6,293.8
1,,,,,,,,,,,,,,1168,386,1029,371,1168,492,972,455,1166,582,978,375,1114,571,1038,567,1110,720,1018,710,1111,844,1000,839,1101.8,292.4
1,,,,,,,,,,,,,,1167,385,1026,369,1169,491,970,450,1164,584,973,373,1111,572,1037,569,1107,715,1019,713,1111,845,1002,842,1099,291.6
1,,,,,,,,,,,,,,1166,385,1024,371,1166,492,972,454,1163,584,969,380,1111,571,1038,568,1106,712,1018,711,1110,845,1002,839,1096,293.4
1,,,,,,,,,,,,,,1162,385,1018,372,1165,492,975,457,1164,584,960,379,1109,572,1038,567,1105,714,1015,710,1111,844,1002,837,1092.2,293.6
1,,,,,,,,,,,,,,1159,384,1011,371,1164,489,962,458,1166,580,945,384,1107,572,1035,569,1106,715,1012,712,1111,845,1001,837,1089.6,290.8
1,,,,,,,,,,,,,,1155,384,1016,379,1162,491,959,464,1166,581,947,382,1106,574,1033,569,1105,717,1007,712,1109,846,997,838,1084.4,290.4
1,,,,,,,,,,,,,,1153,386,1014,379,1157,494,958,468,1167,578,944,383,1105,577,1029,572,1106,720,1005,716,1110,846,995,842,1077.6,293
1,,,,,,,,,,,,,,1130,379,988,374,1138,487,963,473,1153,572,926,385,1093,576,1016,574,1103,715,985,716,1109,845,984,846,1054.6,290
1,,,,,,,,,,,,,,1124,379,983,375,1133,486,958,472,1148,572,920,384,1088,574,1012,572,1102,712,984,717,1109,845,985,847,1045.8,289.6
1,,,,,,,,,,,,,,1118,377,983,379,1130,485,949,472,1145,575,914,386,1085,578,1009,575,1099,713,990,717,1109,844,984,848,1039.2,293.4
1,,,,,,,,,,,,,,1110,374,975,376,1121,483,943,471,1139,573,909,391,1080,575,1008,572,1094,712,991,714,1108,843,985,848,1030,293.4
1,,,,,,,,,,,,,,1105,377,968,374,1112,483,925,465,1132,575,895,387,1073,571,999,569,1087,712,989,714,1106,844,982,848,1025.8,292.2
1,,,,,,,,,,,,,,1099,379,960,374,1106,483,929,466,1127,578,885,386,1067,572,990,573,1080,715,986,712,1105,843,983,846,1019.8,292.8
1,,,,,,,,,,,,,,1093,377,958,374,1102,487,925,466,1121,580,882,390,1058,577,986,573,1074,716,979,712,1102,843,980,847,1014,293.6
1,,,,,,,,,,,,,,1089,375,955,374,1093,486,922,469,1118,577,875,387,1055,576,985,573,1060,719,979,712,1099,843,981,849,1008.2,294.2
1,,,,,,,,,,,,,,1083,374,955,377,1087,486,918,472,1105,581,864,387,1051,572,985,572,1050,717,977,709,1096,842,981,850,1003.4,293.4
1,,,,,,,,,,,,,,1078,370,948,377,1080,483,921,474,1095,570,858,408,1048,569,980,570,1040,715,977,709,1085,842,983,849,998.8,292.6
1,,,,,,,,,,,,,,1077,371,945,375,1076,482,918,471,1087,573,859,416,1042,567,977,568,1054,714,977,719,1082,846,981,845,995.8,291
1,,,,,,,,,,,,,,1073,371,943,375,1076,484,916,471,1079,577,851,437,1040,567,973,568,1050,718,976,711,1078,855,979,849,993.6,288.4
1,,,,,,,,,,,,,,1064,367,934,372,1076,482,914,473,1072,563,851,482,1026,566,953,568,1026,725,968,714,1043,879,980,849,981,286.6
1,,,,,,,,,,,,,,1064,368,932,373,1076,484,909,474,1069,555,859,484,1027,571,956,571,1023,734,968,719,1039,896,979,848,982.2,285.4
1,,,,,,,,,,,,,,1066,370,930,376,1076,485,916,483,1071,545,864,497,1029,574,956,574,1021,739,967,722,1031,898,980,844,983.4,284.6
1,,,,,,,,,,,,,,1066,371,930,378,1076,486,916,483,1075,533,876,509,1029,578,956,577,1020,744,967,728,1029,904,981,843,985.4,284.4
1,,,,,,,,,,,,,,1066,371,930,378,1076,486,916,483,1075,533,876,509,1029,578,956,577,1020,744,967,728,1029,904,981,843,985.4,284.4
1,,,,,,,,,,,,,,1067,369,929,375,1087,475,908,476,1079,521,878,510,1029,577,957,576,1021,746,968,729,1030,901,984,841,987,283
1,,,,,,,,,,,,,,1082,354,933,359,1100,463,911,471,1074,466,882,543,1038,571,957,570,1028,750,961,728,1031,903,986,839,996.8,268.4
1,,,,,,,,,,,,,,1081,348,935,356,1103,460,913,472,1070,459,886,547,1040,567,957,567,1032,752,951,727,1031,902,984,833,998.8,265.4
1,,,,,,,,,,,,,,1083,347,935,357,1106,458,913,478,1076,448,888,555,1042,568,958,569,1034,753,941,732,1031,902,979,827,1001.6,264
1,,,,,,,,,,,,,,1083,346,936,356,1105,457,914,479,1074,444,887,563,1041,569,959,570,1032,753,928,731,1031,901,974,826,1000.2,261.6
1,,,,,,,,,,,,,,1084,346,937,355,1106,457,915,480,1076,443,889,564,1039,570,958,571,1033,753,924,729,1031,901,970,831,1001,259.6
1,,,,,,,,,,,,,,1086,347,937,357,1107,458,916,477,1076,446,891,565,1038,571,958,571,1034,751,922,726,1032,903,964,834,1001.6,258
1,,,,,,,,,,,,,,1087,348,938,357,1104,461,916,476,1073,457,891,565,1036,571,957,569,1034,750,920,726,1033,905,954,847,1002.2,257.6
1,,,,,,,,,,,,,,1089,348,937,355,1099,471,919,474,1088,516,897,562,1038,569,955,569,1037,751,935,732,1034,908,937,871,1003,251.8
1,,,,,,,,,,,,,,1089,347,936,355,1099,471,919,475,1099,525,896,563,1038,568,955,569,1037,751,930,733,1034,908,940,865,1002.8,251.4
1,,,,,,,,,,,,,,1089,347,937,354,1102,477,922,477,1102,547,896,563,1038,566,956,568,1036,749,936,730,1033,907,940,865,1002.6,250.8
1,,,,,,,,,,,,,,1089,346,935,353,1097,472,919,476,1106,548,894,562,1038,566,956,568,1036,747,938,728,1033,906,940,862,1001.8,250.6
1,,,,,,,,,,,,,,1087,346,934,353,1094,477,915,474,1107,566,890,562,1038,567,954,571,1037,749,941,731,1033,905,940,862,1000.2,251.4
1,,,,,,,,,,,,,,1085,346,931,354,1100,478,913,473,1111,579,885,561,1038,570,955,570,1034,752,939,736,1032,906,940,862,998,252.4
1,,,,,,,,,,,,,,1085,347,929,355,1100,477,910,474,1113,575,879,563,1035,574,952,573,1032,751,940,738,1032,906,938,869,994,255.6
1,,,,,,,,,,,,,,1083,347,926,357,1098,477,906,477,1113,577,874,569,1031,574,952,575,1034,751,943,740,1033,906,939,873,991.4,256.2
1,,,,,,,,,,,,,,1081,351,925,358,1096,479,903,479,1116,584,869,569,1031,576,952,577,1033,748,943,740,1034,908,941,873,989,257.8
1,,,,,,,,,,,,,,1067,352,912,359,1088,476,896,474,1118,577,860,567,1022,576,948,575,1031,749,944,744,1032,909,942,884,978.6,261
1,,,,,,,,,,,,,,1062,353,909,360,1087,476,892,474,1117,575,856,565,1019,573,945,572,1025,746,944,741,1030,909,941,883,974.4,262
